file_list,label
datasets/ds000030_R1.0.5/sub-10680/anat/sub-10680_T1w.nii.gz,3
datasets/ds000030_R1.0.5/sub-11128/anat/sub-11128_T1w.nii.gz,3
datasets/ds000030_R1.0.5/sub-70058/anat/sub-70058_T1w.nii.gz,3
datasets/ds000030_R1.0.5/sub-70010/anat/sub-70010_T1w.nii.gz,3
datasets/ds000030_R1.0.5/sub-10448/anat/sub-10448_T1w.nii.gz,3
datasets/ds000030_R1.0.5/sub-10855/anat/sub-10855_T1w.nii.gz,3
datasets/ds000030_R1.0.5/sub-50051/anat/sub-50051_T1w.nii.gz,3
datasets/ds000030_R1.0.5/sub-11108/anat/sub-11108_T1w.nii.gz,3
datasets/ds000030_R1.0.5/sub-60066/anat/sub-60066_T1w.nii.gz,3
datasets/ds000030_R1.0.5/sub-70021/anat/sub-70021_T1w.nii.gz,3
datasets/ds000030_R1.0.5/sub-60017/anat/sub-60017_T1w.nii.gz,3
datasets/ds000030_R1.0.5/sub-10696/anat/sub-10696_T1w.nii.gz,3
datasets/ds000030_R1.0.5/sub-10668/anat/sub-10668_T1w.nii.gz,3
datasets/ds000030_R1.0.5/sub-60001/anat/sub-60001_T1w.nii.gz,3
datasets/ds000030_R1.0.5/sub-50025/anat/sub-50025_T1w.nii.gz,3
datasets/ds000030_R1.0.5/sub-11105/anat/sub-11105_T1w.nii.gz,3
datasets/ds000030_R1.0.5/sub-70046/anat/sub-70046_T1w.nii.gz,3
datasets/ds000030_R1.0.5/sub-50032/anat/sub-50032_T1w.nii.gz,3
datasets/ds000030_R1.0.5/sub-70074/anat/sub-70074_T1w.nii.gz,3
datasets/ds000030_R1.0.5/sub-10697/anat/sub-10697_T1w.nii.gz,3
datasets/ds000030_R1.0.5/sub-60048/anat/sub-60048_T1w.nii.gz,3
datasets/ds000030_R1.0.5/sub-10844/anat/sub-10844_T1w.nii.gz,3
datasets/ds000030_R1.0.5/sub-10471/anat/sub-10471_T1w.nii.gz,3
datasets/ds000030_R1.0.5/sub-70065/anat/sub-70065_T1w.nii.gz,3
datasets/ds000030_R1.0.5/sub-50007/anat/sub-50007_T1w.nii.gz,3
datasets/ds000030_R1.0.5/sub-11142/anat/sub-11142_T1w.nii.gz,3
datasets/ds000030_R1.0.5/sub-70055/anat/sub-70055_T1w.nii.gz,3
datasets/ds000030_R1.0.5/sub-60074/anat/sub-60074_T1w.nii.gz,3
datasets/ds000030_R1.0.5/sub-60005/anat/sub-60005_T1w.nii.gz,3
datasets/ds000030_R1.0.5/sub-50004/anat/sub-50004_T1w.nii.gz,3
datasets/ds000030_R1.0.5/sub-50014/anat/sub-50014_T1w.nii.gz,3
datasets/ds000030_R1.0.5/sub-50069/anat/sub-50069_T1w.nii.gz,3
datasets/ds000030_R1.0.5/sub-10704/anat/sub-10704_T1w.nii.gz,3
datasets/ds000030_R1.0.5/sub-10557/anat/sub-10557_T1w.nii.gz,3
datasets/ds000030_R1.0.5/sub-10719/anat/sub-10719_T1w.nii.gz,3
datasets/ds000030_R1.0.5/sub-60080/anat/sub-60080_T1w.nii.gz,3
datasets/ds000030_R1.0.5/sub-10304/anat/sub-10304_T1w.nii.gz,3
datasets/ds000030_R1.0.5/sub-10678/anat/sub-10678_T1w.nii.gz,3
datasets/ds000030_R1.0.5/sub-50008/anat/sub-50008_T1w.nii.gz,3
datasets/ds000030_R1.0.5/sub-11149/anat/sub-11149_T1w.nii.gz,3
datasets/ds000030_R1.0.5/sub-10460/anat/sub-10460_T1w.nii.gz,3
datasets/ds000030_R1.0.5/sub-10290/anat/sub-10290_T1w.nii.gz,3
datasets/ds000030_R1.0.5/sub-10934/anat/sub-10934_T1w.nii.gz,3
datasets/ds000030_R1.0.5/sub-60084/anat/sub-60084_T1w.nii.gz,3
datasets/ds000030_R1.0.5/sub-60030/anat/sub-60030_T1w.nii.gz,3
datasets/ds000030_R1.0.5/sub-70007/anat/sub-70007_T1w.nii.gz,3
datasets/ds000030_R1.0.5/sub-10273/anat/sub-10273_T1w.nii.gz,3
datasets/ds000030_R1.0.5/sub-10624/anat/sub-10624_T1w.nii.gz,3
datasets/ds000030_R1.0.5/sub-10940/anat/sub-10940_T1w.nii.gz,3
datasets/ds000030_R1.0.5/sub-60014/anat/sub-60014_T1w.nii.gz,3
datasets/ds000030_R1.0.5/sub-10292/anat/sub-10292_T1w.nii.gz,3
datasets/ds000030_R1.0.5/sub-50050/anat/sub-50050_T1w.nii.gz,3
datasets/ds000030_R1.0.5/sub-50049/anat/sub-50049_T1w.nii.gz,3
datasets/ds000030_R1.0.5/sub-70070/anat/sub-70070_T1w.nii.gz,3
datasets/ds000030_R1.0.5/sub-10882/anat/sub-10882_T1w.nii.gz,3
datasets/ds000030_R1.0.5/sub-70022/anat/sub-70022_T1w.nii.gz,3
datasets/ds000030_R1.0.5/sub-11061/anat/sub-11061_T1w.nii.gz,3
datasets/ds000030_R1.0.5/sub-10523/anat/sub-10523_T1w.nii.gz,3
datasets/ds000030_R1.0.5/sub-10365/anat/sub-10365_T1w.nii.gz,3
datasets/ds000030_R1.0.5/sub-60056/anat/sub-60056_T1w.nii.gz,3
datasets/ds000030_R1.0.5/sub-50022/anat/sub-50022_T1w.nii.gz,3
datasets/ds000030_R1.0.5/sub-10339/anat/sub-10339_T1w.nii.gz,3
datasets/ds000030_R1.0.5/sub-10527/anat/sub-10527_T1w.nii.gz,3
datasets/ds000030_R1.0.5/sub-10228/anat/sub-10228_T1w.nii.gz,3
datasets/ds000030_R1.0.5/sub-50061/anat/sub-50061_T1w.nii.gz,3
datasets/ds000030_R1.0.5/sub-50054/anat/sub-50054_T1w.nii.gz,3
datasets/ds000030_R1.0.5/sub-10724/anat/sub-10724_T1w.nii.gz,3
datasets/ds000030_R1.0.5/sub-10325/anat/sub-10325_T1w.nii.gz,3
datasets/ds000030_R1.0.5/sub-50048/anat/sub-50048_T1w.nii.gz,3
datasets/ds000030_R1.0.5/sub-50058/anat/sub-50058_T1w.nii.gz,3
datasets/ds000030_R1.0.5/sub-70069/anat/sub-70069_T1w.nii.gz,3
datasets/ds000030_R1.0.5/sub-70002/anat/sub-70002_T1w.nii.gz,3
datasets/ds000030_R1.0.5/sub-10987/anat/sub-10987_T1w.nii.gz,3
datasets/ds000030_R1.0.5/sub-10193/anat/sub-10193_T1w.nii.gz,3
datasets/ds000030_R1.0.5/sub-10877/anat/sub-10877_T1w.nii.gz,3
datasets/ds000030_R1.0.5/sub-10949/anat/sub-10949_T1w.nii.gz,3
datasets/ds000030_R1.0.5/sub-70040/anat/sub-70040_T1w.nii.gz,3
datasets/ds000030_R1.0.5/sub-60016/anat/sub-60016_T1w.nii.gz,3
datasets/ds000030_R1.0.5/sub-11077/anat/sub-11077_T1w.nii.gz,3
datasets/ds000030_R1.0.5/sub-60036/anat/sub-60036_T1w.nii.gz,3
datasets/ds000030_R1.0.5/sub-10377/anat/sub-10377_T1w.nii.gz,3
datasets/ds000030_R1.0.5/sub-60079/anat/sub-60079_T1w.nii.gz,3
datasets/ds000030_R1.0.5/sub-50015/anat/sub-50015_T1w.nii.gz,3
datasets/ds000030_R1.0.5/sub-60006/anat/sub-60006_T1w.nii.gz,3
datasets/ds000030_R1.0.5/sub-50005/anat/sub-50005_T1w.nii.gz,3
datasets/ds000030_R1.0.5/sub-70037/anat/sub-70037_T1w.nii.gz,3
datasets/ds000030_R1.0.5/sub-10998/anat/sub-10998_T1w.nii.gz,3
datasets/ds000030_R1.0.5/sub-11044/anat/sub-11044_T1w.nii.gz,3
datasets/ds000030_R1.0.5/sub-11122/anat/sub-11122_T1w.nii.gz,3
datasets/ds000030_R1.0.5/sub-60078/anat/sub-60078_T1w.nii.gz,3
datasets/ds000030_R1.0.5/sub-50027/anat/sub-50027_T1w.nii.gz,3
datasets/ds000030_R1.0.5/sub-50016/anat/sub-50016_T1w.nii.gz,3
datasets/ds000030_R1.0.5/sub-70072/anat/sub-70072_T1w.nii.gz,3
datasets/ds000030_R1.0.5/sub-10316/anat/sub-10316_T1w.nii.gz,3
datasets/ds000030_R1.0.5/sub-70080/anat/sub-70080_T1w.nii.gz,3
datasets/ds000030_R1.0.5/sub-60076/anat/sub-60076_T1w.nii.gz,3
datasets/ds000030_R1.0.5/sub-10506/anat/sub-10506_T1w.nii.gz,3
datasets/ds000030_R1.0.5/sub-50013/anat/sub-50013_T1w.nii.gz,3
datasets/ds000030_R1.0.5/sub-11068/anat/sub-11068_T1w.nii.gz,3
datasets/ds000030_R1.0.5/sub-10271/anat/sub-10271_T1w.nii.gz,3
datasets/ds000030_R1.0.5/sub-60052/anat/sub-60052_T1w.nii.gz,3
datasets/ds000030_R1.0.5/sub-10948/anat/sub-10948_T1w.nii.gz,3
datasets/ds000030_R1.0.5/sub-70034/anat/sub-70034_T1w.nii.gz,3
datasets/ds000030_R1.0.5/sub-10912/anat/sub-10912_T1w.nii.gz,3
datasets/ds000030_R1.0.5/sub-10249/anat/sub-10249_T1w.nii.gz,3
datasets/ds000030_R1.0.5/sub-50043/anat/sub-50043_T1w.nii.gz,3
datasets/ds000030_R1.0.5/sub-60087/anat/sub-60087_T1w.nii.gz,3
datasets/ds000030_R1.0.5/sub-50035/anat/sub-50035_T1w.nii.gz,3
datasets/ds000030_R1.0.5/sub-50056/anat/sub-50056_T1w.nii.gz,3
datasets/ds000030_R1.0.5/sub-10478/anat/sub-10478_T1w.nii.gz,3
datasets/ds000030_R1.0.5/sub-10708/anat/sub-10708_T1w.nii.gz,3
datasets/ds000030_R1.0.5/sub-60011/anat/sub-60011_T1w.nii.gz,3
datasets/ds000030_R1.0.5/sub-10227/anat/sub-10227_T1w.nii.gz,3
datasets/ds000030_R1.0.5/sub-10269/anat/sub-10269_T1w.nii.gz,3
datasets/ds000030_R1.0.5/sub-10206/anat/sub-10206_T1w.nii.gz,3
datasets/ds000030_R1.0.5/sub-10274/anat/sub-10274_T1w.nii.gz,3
datasets/ds000030_R1.0.5/sub-11030/anat/sub-11030_T1w.nii.gz,3
datasets/ds000030_R1.0.5/sub-60070/anat/sub-60070_T1w.nii.gz,3
datasets/ds000030_R1.0.5/sub-10785/anat/sub-10785_T1w.nii.gz,3
datasets/ds000030_R1.0.5/sub-11019/anat/sub-11019_T1w.nii.gz,3
datasets/ds000030_R1.0.5/sub-70060/anat/sub-70060_T1w.nii.gz,3
datasets/ds000030_R1.0.5/sub-10487/anat/sub-10487_T1w.nii.gz,3
datasets/ds000030_R1.0.5/sub-50021/anat/sub-50021_T1w.nii.gz,3
datasets/ds000030_R1.0.5/sub-11098/anat/sub-11098_T1w.nii.gz,3
datasets/ds000030_R1.0.5/sub-11050/anat/sub-11050_T1w.nii.gz,3
datasets/ds000030_R1.0.5/sub-50081/anat/sub-50081_T1w.nii.gz,3
datasets/ds000030_R1.0.5/sub-70026/anat/sub-70026_T1w.nii.gz,3
datasets/ds000030_R1.0.5/sub-50038/anat/sub-50038_T1w.nii.gz,3
datasets/ds000030_R1.0.5/sub-10707/anat/sub-10707_T1w.nii.gz,3
datasets/ds000030_R1.0.5/sub-11088/anat/sub-11088_T1w.nii.gz,3
datasets/ds000030_R1.0.5/sub-10159/anat/sub-10159_T1w.nii.gz,3
datasets/ds000030_R1.0.5/sub-60073/anat/sub-60073_T1w.nii.gz,3
datasets/ds000030_R1.0.5/sub-10631/anat/sub-10631_T1w.nii.gz,3
datasets/ds000030_R1.0.5/sub-70033/anat/sub-70033_T1w.nii.gz,3
datasets/ds000030_R1.0.5/sub-11156/anat/sub-11156_T1w.nii.gz,3
datasets/ds000030_R1.0.5/sub-70061/anat/sub-70061_T1w.nii.gz,3
datasets/ds000030_R1.0.5/sub-60033/anat/sub-60033_T1w.nii.gz,3
datasets/ds000030_R1.0.5/sub-50053/anat/sub-50053_T1w.nii.gz,3
datasets/ds000030_R1.0.5/sub-60012/anat/sub-60012_T1w.nii.gz,3
datasets/ds000030_R1.0.5/sub-70086/anat/sub-70086_T1w.nii.gz,3
datasets/ds000030_R1.0.5/sub-50083/anat/sub-50083_T1w.nii.gz,3
datasets/ds000030_R1.0.5/sub-60051/anat/sub-60051_T1w.nii.gz,3
datasets/ds000030_R1.0.5/sub-70015/anat/sub-70015_T1w.nii.gz,3
datasets/ds000030_R1.0.5/sub-60065/anat/sub-60065_T1w.nii.gz,3
datasets/ds000030_R1.0.5/sub-60049/anat/sub-60049_T1w.nii.gz,3
datasets/ds000030_R1.0.5/sub-10361/anat/sub-10361_T1w.nii.gz,3
datasets/ds000030_R1.0.5/sub-11059/anat/sub-11059_T1w.nii.gz,3
datasets/ds000030_R1.0.5/sub-60060/anat/sub-60060_T1w.nii.gz,3
datasets/ds000030_R1.0.5/sub-10672/anat/sub-10672_T1w.nii.gz,3
datasets/ds000030_R1.0.5/sub-50077/anat/sub-50077_T1w.nii.gz,3
datasets/ds000030_R1.0.5/sub-60062/anat/sub-60062_T1w.nii.gz,3
datasets/ds000030_R1.0.5/sub-60072/anat/sub-60072_T1w.nii.gz,3
datasets/ds000030_R1.0.5/sub-70081/anat/sub-70081_T1w.nii.gz,3
datasets/ds000030_R1.0.5/sub-10871/anat/sub-10871_T1w.nii.gz,3
datasets/ds000030_R1.0.5/sub-10321/anat/sub-10321_T1w.nii.gz,3
datasets/ds000030_R1.0.5/sub-10788/anat/sub-10788_T1w.nii.gz,3
datasets/ds000030_R1.0.5/sub-50033/anat/sub-50033_T1w.nii.gz,3
datasets/ds000030_R1.0.5/sub-10438/anat/sub-10438_T1w.nii.gz,3
datasets/ds000030_R1.0.5/sub-10340/anat/sub-10340_T1w.nii.gz,3
datasets/ds000030_R1.0.5/sub-10629/anat/sub-10629_T1w.nii.gz,3
datasets/ds000030_R1.0.5/sub-10686/anat/sub-10686_T1w.nii.gz,3
datasets/ds000030_R1.0.5/sub-11143/anat/sub-11143_T1w.nii.gz,3
datasets/ds000030_R1.0.5/sub-50036/anat/sub-50036_T1w.nii.gz,3
datasets/ds000030_R1.0.5/sub-10762/anat/sub-10762_T1w.nii.gz,3
datasets/ds000030_R1.0.5/sub-10440/anat/sub-10440_T1w.nii.gz,3
datasets/ds000030_R1.0.5/sub-50076/anat/sub-50076_T1w.nii.gz,3
datasets/ds000030_R1.0.5/sub-11052/anat/sub-11052_T1w.nii.gz,3
datasets/ds000030_R1.0.5/sub-50064/anat/sub-50064_T1w.nii.gz,3
datasets/ds000030_R1.0.5/sub-60038/anat/sub-60038_T1w.nii.gz,3
datasets/ds000030_R1.0.5/sub-10968/anat/sub-10968_T1w.nii.gz,3
datasets/ds000030_R1.0.5/sub-10891/anat/sub-10891_T1w.nii.gz,3
datasets/ds000030_R1.0.5/sub-60043/anat/sub-60043_T1w.nii.gz,3
datasets/ds000030_R1.0.5/sub-50059/anat/sub-50059_T1w.nii.gz,3
datasets/ds000030_R1.0.5/sub-70083/anat/sub-70083_T1w.nii.gz,3
datasets/ds000030_R1.0.5/sub-10638/anat/sub-10638_T1w.nii.gz,3
datasets/ds000030_R1.0.5/sub-50047/anat/sub-50047_T1w.nii.gz,3
datasets/ds000030_R1.0.5/sub-70004/anat/sub-70004_T1w.nii.gz,3
datasets/ds000030_R1.0.5/sub-50073/anat/sub-50073_T1w.nii.gz,3
datasets/ds000030_R1.0.5/sub-10429/anat/sub-10429_T1w.nii.gz,3
datasets/ds000030_R1.0.5/sub-60045/anat/sub-60045_T1w.nii.gz,3
datasets/ds000030_R1.0.5/sub-11097/anat/sub-11097_T1w.nii.gz,3
datasets/ds000030_R1.0.5/sub-10963/anat/sub-10963_T1w.nii.gz,3
datasets/ds000030_R1.0.5/sub-60022/anat/sub-60022_T1w.nii.gz,3
datasets/ds000030_R1.0.5/sub-60057/anat/sub-60057_T1w.nii.gz,3
datasets/ds000030_R1.0.5/sub-10674/anat/sub-10674_T1w.nii.gz,3
datasets/ds000030_R1.0.5/sub-60020/anat/sub-60020_T1w.nii.gz,3
datasets/ds000030_R1.0.5/sub-60046/anat/sub-60046_T1w.nii.gz,3
datasets/ds000030_R1.0.5/sub-10524/anat/sub-10524_T1w.nii.gz,3
datasets/ds000030_R1.0.5/sub-10530/anat/sub-10530_T1w.nii.gz,3
datasets/ds000030_R1.0.5/sub-10977/anat/sub-10977_T1w.nii.gz,3
datasets/ds000030_R1.0.5/sub-60010/anat/sub-60010_T1w.nii.gz,3
datasets/ds000030_R1.0.5/sub-10347/anat/sub-10347_T1w.nii.gz,3
datasets/ds000030_R1.0.5/sub-11090/anat/sub-11090_T1w.nii.gz,3
datasets/ds000030_R1.0.5/sub-60042/anat/sub-60042_T1w.nii.gz,3
datasets/ds000030_R1.0.5/sub-11112/anat/sub-11112_T1w.nii.gz,3
datasets/ds000030_R1.0.5/sub-11106/anat/sub-11106_T1w.nii.gz,3
datasets/ds000030_R1.0.5/sub-50020/anat/sub-50020_T1w.nii.gz,3
datasets/ds000030_R1.0.5/sub-50029/anat/sub-50029_T1w.nii.gz,3
datasets/ds000030_R1.0.5/sub-10692/anat/sub-10692_T1w.nii.gz,3
datasets/ds000030_R1.0.5/sub-10376/anat/sub-10376_T1w.nii.gz,3
datasets/ds000030_R1.0.5/sub-50055/anat/sub-50055_T1w.nii.gz,3
datasets/ds000030_R1.0.5/sub-50080/anat/sub-50080_T1w.nii.gz,3
datasets/ds000030_R1.0.5/sub-70049/anat/sub-70049_T1w.nii.gz,3
datasets/ds000030_R1.0.5/sub-10217/anat/sub-10217_T1w.nii.gz,3
datasets/ds000030_R1.0.5/sub-10388/anat/sub-10388_T1w.nii.gz,3
datasets/ds000030_R1.0.5/sub-10280/anat/sub-10280_T1w.nii.gz,3
datasets/ds000030_R1.0.5/sub-10565/anat/sub-10565_T1w.nii.gz,3
datasets/ds000030_R1.0.5/sub-10570/anat/sub-10570_T1w.nii.gz,3
datasets/ds000030_R1.0.5/sub-10189/anat/sub-10189_T1w.nii.gz,3
datasets/ds000030_R1.0.5/sub-10356/anat/sub-10356_T1w.nii.gz,3
datasets/ds000030_R1.0.5/sub-11066/anat/sub-11066_T1w.nii.gz,3
datasets/ds000030_R1.0.5/sub-70052/anat/sub-70052_T1w.nii.gz,3
datasets/ds000030_R1.0.5/sub-10455/anat/sub-10455_T1w.nii.gz,3
datasets/ds000030_R1.0.5/sub-11131/anat/sub-11131_T1w.nii.gz,3
datasets/ds000030_R1.0.5/sub-11067/anat/sub-11067_T1w.nii.gz,3
datasets/ds000030_R1.0.5/sub-70020/anat/sub-70020_T1w.nii.gz,3
datasets/ds000030_R1.0.5/sub-50085/anat/sub-50085_T1w.nii.gz,3
datasets/ds000030_R1.0.5/sub-70017/anat/sub-70017_T1w.nii.gz,3
datasets/ds000030_R1.0.5/sub-10329/anat/sub-10329_T1w.nii.gz,3
datasets/ds000030_R1.0.5/sub-70079/anat/sub-70079_T1w.nii.gz,3
datasets/ds000030_R1.0.5/sub-11062/anat/sub-11062_T1w.nii.gz,3
datasets/ds000030_R1.0.5/sub-60089/anat/sub-60089_T1w.nii.gz,3
datasets/ds000030_R1.0.5/sub-10235/anat/sub-10235_T1w.nii.gz,3
datasets/ds000030_R1.0.5/sub-10525/anat/sub-10525_T1w.nii.gz,3
datasets/ds000030_R1.0.5/sub-10225/anat/sub-10225_T1w.nii.gz,3
datasets/ds000030_R1.0.5/sub-10171/anat/sub-10171_T1w.nii.gz,3
datasets/ds000030_R1.0.5/sub-60053/anat/sub-60053_T1w.nii.gz,3
datasets/ds000030_R1.0.5/sub-60077/anat/sub-60077_T1w.nii.gz,3
datasets/ds000030_R1.0.5/sub-70057/anat/sub-70057_T1w.nii.gz,3
datasets/ds000030_R1.0.5/sub-70073/anat/sub-70073_T1w.nii.gz,3
datasets/ds000030_R1.0.5/sub-70076/anat/sub-70076_T1w.nii.gz,3
datasets/ds000030_R1.0.5/sub-11104/anat/sub-11104_T1w.nii.gz,3
datasets/ds000030_R1.0.5/sub-60028/anat/sub-60028_T1w.nii.gz,3
datasets/ds000030_R1.0.5/sub-10345/anat/sub-10345_T1w.nii.gz,3
datasets/ds000030_R1.0.5/sub-70068/anat/sub-70068_T1w.nii.gz,3
datasets/ds000030_R1.0.5/sub-50010/anat/sub-50010_T1w.nii.gz,3
datasets/ds000030_R1.0.5/sub-10975/anat/sub-10975_T1w.nii.gz,3
datasets/ds000030_R1.0.5/sub-10575/anat/sub-10575_T1w.nii.gz,3
datasets/ds000030_R1.0.5/sub-70001/anat/sub-70001_T1w.nii.gz,3
datasets/ds000030_R1.0.5/sub-70048/anat/sub-70048_T1w.nii.gz,3
datasets/ds000030_R1.0.5/sub-60015/anat/sub-60015_T1w.nii.gz,3
datasets/ds000030_R1.0.5/sub-60008/anat/sub-60008_T1w.nii.gz,3
datasets/ds000030_R1.0.5/sub-10492/anat/sub-10492_T1w.nii.gz,3
datasets/ds000030_R1.0.5/sub-10893/anat/sub-10893_T1w.nii.gz,3
datasets/ds000030_R1.0.5/sub-60068/anat/sub-60068_T1w.nii.gz,3
datasets/ds000030_R1.0.5/sub-60055/anat/sub-60055_T1w.nii.gz,3
datasets/ds000030_R1.0.5/sub-70051/anat/sub-70051_T1w.nii.gz,3
datasets/ds000030_R1.0.5/sub-50006/anat/sub-50006_T1w.nii.gz,3
datasets/ds000030_R1.0.5/sub-50034/anat/sub-50034_T1w.nii.gz,3
datasets/ds000030_R1.0.5/sub-50066/anat/sub-50066_T1w.nii.gz,3
datasets/ds000030_R1.0.5/sub-70077/anat/sub-70077_T1w.nii.gz,3
datasets/ds000030_R1.0.5/sub-10517/anat/sub-10517_T1w.nii.gz,3
datasets/ds000030_R1.0.5/sub-60021/anat/sub-60021_T1w.nii.gz,3
datasets/ds000030_R1.0.5/sub-50067/anat/sub-50067_T1w.nii.gz,3
datasets/ds000030_R1.0.5/sub-10779/anat/sub-10779_T1w.nii.gz,3
datasets/ds000030_R1.0.5/sub-11082/anat/sub-11082_T1w.nii.gz,3
datasets/ds000030_R1.0.5/sub-70029/anat/sub-70029_T1w.nii.gz,3
datasets/ds000030_R1.0.5/sub-50075/anat/sub-50075_T1w.nii.gz,3
datasets/ds000030_R1.0.5/sub-10746/anat/sub-10746_T1w.nii.gz,3
datasets/ds000030_R1.0.5/sub-50060/anat/sub-50060_T1w.nii.gz,3
datasets/ds000030_R1.0.5/sub-50023/anat/sub-50023_T1w.nii.gz,3
datasets/ds000030_R1.0.5/sub-50052/anat/sub-50052_T1w.nii.gz,3
datasets/ds000030_R1.0.5/sub-70075/anat/sub-70075_T1w.nii.gz,3
datasets/ds000030_R1.0.5/sub-10958/anat/sub-10958_T1w.nii.gz,3
datasets/ds000030_R1.0.5/sub-60037/anat/sub-60037_T1w.nii.gz,3
datasets/ds000115_R2.0.0/sub-49/anat/sub-49_T1w.nii.gz,1
datasets/ds000115_R2.0.0/sub-07/anat/sub-07_T1w.nii.gz,1
datasets/ds000115_R2.0.0/sub-08/anat/sub-08_T1w.nii.gz,1
datasets/ds000115_R2.0.0/sub-14/anat/sub-14_T1w.nii.gz,1
datasets/ds000115_R2.0.0/sub-33/anat/sub-33_T1w.nii.gz,1
datasets/ds000115_R2.0.0/sub-101/anat/sub-101_T1w.nii.gz,1
datasets/ds000115_R2.0.0/sub-39/anat/sub-39_T1w.nii.gz,1
datasets/ds000115_R2.0.0/sub-54/anat/sub-54_T1w.nii.gz,1
datasets/ds000115_R2.0.0/sub-19/anat/sub-19_T1w.nii.gz,1
datasets/ds000115_R2.0.0/sub-100/anat/sub-100_T1w.nii.gz,1
datasets/ds000115_R2.0.0/sub-71/anat/sub-71_T1w.nii.gz,1
datasets/ds000115_R2.0.0/sub-64/anat/sub-64_T1w.nii.gz,1
datasets/ds000115_R2.0.0/sub-89/anat/sub-89_T1w.nii.gz,1
datasets/ds000115_R2.0.0/sub-58/anat/sub-58_T1w.nii.gz,1
datasets/ds000115_R2.0.0/sub-98/anat/sub-98_T1w.nii.gz,1
datasets/ds000115_R2.0.0/sub-83/anat/sub-83_T1w.nii.gz,1
datasets/ds000115_R2.0.0/sub-88/anat/sub-88_T1w.nii.gz,1
datasets/ds000115_R2.0.0/sub-02/anat/sub-02_T1w.nii.gz,1
datasets/ds000115_R2.0.0/sub-77/anat/sub-77_T1w.nii.gz,1
datasets/ds000115_R2.0.0/sub-96/anat/sub-96_T1w.nii.gz,1
datasets/ds000115_R2.0.0/sub-65/anat/sub-65_T1w.nii.gz,1
datasets/ds000115_R2.0.0/sub-97/anat/sub-97_T1w.nii.gz,1
datasets/ds000115_R2.0.0/sub-67/anat/sub-67_T1w.nii.gz,1
datasets/ds000115_R2.0.0/sub-18/anat/sub-18_T1w.nii.gz,1
datasets/ds000115_R2.0.0/sub-93/anat/sub-93_T1w.nii.gz,1
datasets/ds000115_R2.0.0/sub-27/anat/sub-27_T1w.nii.gz,1
datasets/ds000115_R2.0.0/sub-91/anat/sub-91_T1w.nii.gz,1
datasets/ds000115_R2.0.0/sub-13/anat/sub-13_T1w.nii.gz,1
datasets/ds000115_R2.0.0/sub-12/anat/sub-12_T1w.nii.gz,1
datasets/ds000115_R2.0.0/sub-76/anat/sub-76_T1w.nii.gz,1
datasets/ds000115_R2.0.0/sub-26/anat/sub-26_T1w.nii.gz,1
datasets/ds000115_R2.0.0/sub-40/anat/sub-40_T1w.nii.gz,1
datasets/ds000115_R2.0.0/sub-55/anat/sub-55_T1w.nii.gz,1
datasets/ds000115_R2.0.0/sub-57/anat/sub-57_T1w.nii.gz,1
datasets/ds000115_R2.0.0/sub-79/anat/sub-79_T1w.nii.gz,1
datasets/ds000115_R2.0.0/sub-20/anat/sub-20_T1w.nii.gz,1
datasets/ds000115_R2.0.0/sub-44/anat/sub-44_T1w.nii.gz,1
datasets/ds000115_R2.0.0/sub-59/anat/sub-59_T1w.nii.gz,1
datasets/ds000115_R2.0.0/sub-80/anat/sub-80_T1w.nii.gz,1
datasets/ds000115_R2.0.0/sub-24/anat/sub-24_T1w.nii.gz,1
datasets/ds000115_R2.0.0/sub-78/anat/sub-78_T1w.nii.gz,1
datasets/ds000115_R2.0.0/sub-66/anat/sub-66_T1w.nii.gz,1
datasets/ds000115_R2.0.0/sub-01/anat/sub-01_T1w.nii.gz,1
datasets/ds000115_R2.0.0/sub-34/anat/sub-34_T1w.nii.gz,1
datasets/ds000115_R2.0.0/sub-90/anat/sub-90_T1w.nii.gz,1
datasets/ds000115_R2.0.0/sub-37/anat/sub-37_T1w.nii.gz,1
datasets/ds000115_R2.0.0/sub-85/anat/sub-85_T1w.nii.gz,1
datasets/ds000115_R2.0.0/sub-51/anat/sub-51_T1w.nii.gz,1
datasets/ds000115_R2.0.0/sub-102/anat/sub-102_T1w.nii.gz,1
datasets/ds000115_R2.0.0/sub-45/anat/sub-45_T1w.nii.gz,1
datasets/ds000115_R2.0.0/sub-53/anat/sub-53_T1w.nii.gz,1
datasets/ds000115_R2.0.0/sub-28/anat/sub-28_T1w.nii.gz,1
datasets/ds000115_R2.0.0/sub-60/anat/sub-60_T1w.nii.gz,1
datasets/ds000115_R2.0.0/sub-70/anat/sub-70_T1w.nii.gz,1
datasets/ds000115_R2.0.0/sub-62/anat/sub-62_T1w.nii.gz,1
datasets/ds000115_R2.0.0/sub-50/anat/sub-50_T1w.nii.gz,1
datasets/ds000115_R2.0.0/sub-92/anat/sub-92_T1w.nii.gz,1
datasets/ds000115_R2.0.0/sub-15/anat/sub-15_T1w.nii.gz,1
datasets/ds000115_R2.0.0/sub-21/anat/sub-21_T1w.nii.gz,1
datasets/ds000115_R2.0.0/sub-22/anat/sub-22_T1w.nii.gz,1
datasets/ds000115_R2.0.0/sub-36/anat/sub-36_T1w.nii.gz,1
datasets/ds000115_R2.0.0/sub-95/anat/sub-95_T1w.nii.gz,1
datasets/ds000115_R2.0.0/sub-41/anat/sub-41_T1w.nii.gz,1
datasets/ds000115_R2.0.0/sub-09/anat/sub-09_T1w.nii.gz,1
datasets/ds000115_R2.0.0/sub-87/anat/sub-87_T1w.nii.gz,1
datasets/ds000115_R2.0.0/sub-10/anat/sub-10_T1w.nii.gz,1
datasets/ds000115_R2.0.0/sub-84/anat/sub-84_T1w.nii.gz,1
datasets/ds000115_R2.0.0/sub-03/anat/sub-03_T1w.nii.gz,1
datasets/ds000115_R2.0.0/sub-16/anat/sub-16_T1w.nii.gz,1
datasets/ds000115_R2.0.0/sub-69/anat/sub-69_T1w.nii.gz,1
datasets/ds000115_R2.0.0/sub-17/anat/sub-17_T1w.nii.gz,1
datasets/ds000115_R2.0.0/sub-86/anat/sub-86_T1w.nii.gz,1
datasets/ds000115_R2.0.0/sub-82/anat/sub-82_T1w.nii.gz,1
datasets/ds000115_R2.0.0/sub-30/anat/sub-30_T1w.nii.gz,1
datasets/ds000115_R2.0.0/sub-11/anat/sub-11_T1w.nii.gz,1
datasets/ds000115_R2.0.0/sub-35/anat/sub-35_T1w.nii.gz,1
datasets/ds000115_R2.0.0/sub-52/anat/sub-52_T1w.nii.gz,1
datasets/ds000115_R2.0.0/sub-38/anat/sub-38_T1w.nii.gz,1
datasets/ds000115_R2.0.0/sub-47/anat/sub-47_T1w.nii.gz,1
datasets/ds000115_R2.0.0/sub-32/anat/sub-32_T1w.nii.gz,1
datasets/ds000115_R2.0.0/sub-99/anat/sub-99_T1w.nii.gz,1
datasets/ds000115_R2.0.0/sub-31/anat/sub-31_T1w.nii.gz,1
datasets/ds000115_R2.0.0/sub-94/anat/sub-94_T1w.nii.gz,1
datasets/ds000115_R2.0.0/sub-56/anat/sub-56_T1w.nii.gz,1
datasets/ds000115_R2.0.0/sub-43/anat/sub-43_T1w.nii.gz,1
datasets/ds000115_R2.0.0/sub-63/anat/sub-63_T1w.nii.gz,1
datasets/ds000115_R2.0.0/sub-61/anat/sub-61_T1w.nii.gz,1
datasets/ds000115_R2.0.0/sub-73/anat/sub-73_T1w.nii.gz,1
datasets/ds000115_R2.0.0/sub-68/anat/sub-68_T1w.nii.gz,1
datasets/ds000115_R2.0.0/sub-75/anat/sub-75_T1w.nii.gz,1
datasets/ds000115_R2.0.0/sub-46/anat/sub-46_T1w.nii.gz,1
datasets/ds000115_R2.0.0/sub-81/anat/sub-81_T1w.nii.gz,1
datasets/ds000115_R2.0.0/sub-74/anat/sub-74_T1w.nii.gz,1
datasets/ds000115_R2.0.0/sub-29/anat/sub-29_T1w.nii.gz,1
datasets/ds000115_R2.0.0/sub-04/anat/sub-04_T1w.nii.gz,1
datasets/ds000115_R2.0.0/sub-72/anat/sub-72_T1w.nii.gz,1
datasets/ds000115_R2.0.0/sub-05/anat/sub-05_T1w.nii.gz,1
datasets/ds000115_R2.0.0/sub-42/anat/sub-42_T1w.nii.gz,1
datasets/ds000115_R2.0.0/sub-06/anat/sub-06_T1w.nii.gz,1
datasets/ds000158_R1.0.1/sub-023/anat/sub-023_T1w.nii.gz,4
datasets/ds000158_R1.0.1/sub-152/anat/sub-152_T1w.nii.gz,4
datasets/ds000158_R1.0.1/sub-084/anat/sub-084_T1w.nii.gz,4
datasets/ds000158_R1.0.1/sub-200/anat/sub-200_T1w.nii.gz,4
datasets/ds000158_R1.0.1/sub-009/anat/sub-009_T1w.nii.gz,4
datasets/ds000158_R1.0.1/sub-145/anat/sub-145_T1w.nii.gz,4
datasets/ds000158_R1.0.1/sub-039/anat/sub-039_T1w.nii.gz,4
datasets/ds000158_R1.0.1/sub-085/anat/sub-085_T1w.nii.gz,4
datasets/ds000158_R1.0.1/sub-101/anat/sub-101_T1w.nii.gz,4
datasets/ds000158_R1.0.1/sub-137/anat/sub-137_T1w.nii.gz,4
datasets/ds000158_R1.0.1/sub-053/anat/sub-053_T1w.nii.gz,4
datasets/ds000158_R1.0.1/sub-081/anat/sub-081_T1w.nii.gz,4
datasets/ds000158_R1.0.1/sub-179/anat/sub-179_T1w.nii.gz,4
datasets/ds000158_R1.0.1/sub-100/anat/sub-100_T1w.nii.gz,4
datasets/ds000158_R1.0.1/sub-044/anat/sub-044_T1w.nii.gz,4
datasets/ds000158_R1.0.1/sub-131/anat/sub-131_T1w.nii.gz,4
datasets/ds000158_R1.0.1/sub-043/anat/sub-043_T1w.nii.gz,4
datasets/ds000158_R1.0.1/sub-203/anat/sub-203_T1w.nii.gz,4
datasets/ds000158_R1.0.1/sub-140/anat/sub-140_T1w.nii.gz,4
datasets/ds000158_R1.0.1/sub-142/anat/sub-142_T1w.nii.gz,4
datasets/ds000158_R1.0.1/sub-050/anat/sub-050_T1w.nii.gz,4
datasets/ds000158_R1.0.1/sub-157/anat/sub-157_T1w.nii.gz,4
datasets/ds000158_R1.0.1/sub-008/anat/sub-008_T1w.nii.gz,4
datasets/ds000158_R1.0.1/sub-026/anat/sub-026_T1w.nii.gz,4
datasets/ds000158_R1.0.1/sub-010/anat/sub-010_T1w.nii.gz,4
datasets/ds000158_R1.0.1/sub-202/anat/sub-202_T1w.nii.gz,4
datasets/ds000158_R1.0.1/sub-052/anat/sub-052_T1w.nii.gz,4
datasets/ds000158_R1.0.1/sub-027/anat/sub-027_T1w.nii.gz,4
datasets/ds000158_R1.0.1/sub-181/anat/sub-181_T1w.nii.gz,4
datasets/ds000158_R1.0.1/sub-070/anat/sub-070_T1w.nii.gz,4
datasets/ds000158_R1.0.1/sub-033/anat/sub-033_T1w.nii.gz,4
datasets/ds000158_R1.0.1/sub-164/anat/sub-164_T1w.nii.gz,4
datasets/ds000158_R1.0.1/sub-165/anat/sub-165_T1w.nii.gz,4
datasets/ds000158_R1.0.1/sub-182/anat/sub-182_T1w.nii.gz,4
datasets/ds000158_R1.0.1/sub-083/anat/sub-083_T1w.nii.gz,4
datasets/ds000158_R1.0.1/sub-036/anat/sub-036_T1w.nii.gz,4
datasets/ds000158_R1.0.1/sub-076/anat/sub-076_T1w.nii.gz,4
datasets/ds000158_R1.0.1/sub-087/anat/sub-087_T1w.nii.gz,4
datasets/ds000158_R1.0.1/sub-103/anat/sub-103_T1w.nii.gz,4
datasets/ds000158_R1.0.1/sub-099/anat/sub-099_T1w.nii.gz,4
datasets/ds000158_R1.0.1/sub-125/anat/sub-125_T1w.nii.gz,4
datasets/ds000158_R1.0.1/sub-215/anat/sub-215_T1w.nii.gz,4
datasets/ds000158_R1.0.1/sub-169/anat/sub-169_T1w.nii.gz,4
datasets/ds000158_R1.0.1/sub-097/anat/sub-097_T1w.nii.gz,4
datasets/ds000158_R1.0.1/sub-090/anat/sub-090_T1w.nii.gz,4
datasets/ds000158_R1.0.1/sub-168/anat/sub-168_T1w.nii.gz,4
datasets/ds000158_R1.0.1/sub-184/anat/sub-184_T1w.nii.gz,4
datasets/ds000158_R1.0.1/sub-055/anat/sub-055_T1w.nii.gz,4
datasets/ds000158_R1.0.1/sub-098/anat/sub-098_T1w.nii.gz,4
datasets/ds000158_R1.0.1/sub-030/anat/sub-030_T1w.nii.gz,4
datasets/ds000158_R1.0.1/sub-095/anat/sub-095_T1w.nii.gz,4
datasets/ds000158_R1.0.1/sub-206/anat/sub-206_T1w.nii.gz,4
datasets/ds000158_R1.0.1/sub-059/anat/sub-059_T1w.nii.gz,4
datasets/ds000158_R1.0.1/sub-129/anat/sub-129_T1w.nii.gz,4
datasets/ds000158_R1.0.1/sub-139/anat/sub-139_T1w.nii.gz,4
datasets/ds000158_R1.0.1/sub-204/anat/sub-204_T1w.nii.gz,4
datasets/ds000158_R1.0.1/sub-188/anat/sub-188_T1w.nii.gz,4
datasets/ds000158_R1.0.1/sub-068/anat/sub-068_T1w.nii.gz,4
datasets/ds000158_R1.0.1/sub-130/anat/sub-130_T1w.nii.gz,4
datasets/ds000158_R1.0.1/sub-069/anat/sub-069_T1w.nii.gz,4
datasets/ds000158_R1.0.1/sub-135/anat/sub-135_T1w.nii.gz,4
datasets/ds000158_R1.0.1/sub-161/anat/sub-161_T1w.nii.gz,4
datasets/ds000158_R1.0.1/sub-013/anat/sub-013_T1w.nii.gz,4
datasets/ds000158_R1.0.1/sub-038/anat/sub-038_T1w.nii.gz,4
datasets/ds000158_R1.0.1/sub-049/anat/sub-049_T1w.nii.gz,4
datasets/ds000158_R1.0.1/sub-108/anat/sub-108_T1w.nii.gz,4
datasets/ds000158_R1.0.1/sub-180/anat/sub-180_T1w.nii.gz,4
datasets/ds000158_R1.0.1/sub-073/anat/sub-073_T1w.nii.gz,4
datasets/ds000158_R1.0.1/sub-034/anat/sub-034_T1w.nii.gz,4
datasets/ds000158_R1.0.1/sub-086/anat/sub-086_T1w.nii.gz,4
datasets/ds000158_R1.0.1/sub-144/anat/sub-144_T1w.nii.gz,4
datasets/ds000158_R1.0.1/sub-056/anat/sub-056_T1w.nii.gz,4
datasets/ds000158_R1.0.1/sub-167/anat/sub-167_T1w.nii.gz,4
datasets/ds000158_R1.0.1/sub-170/anat/sub-170_T1w.nii.gz,4
datasets/ds000158_R1.0.1/sub-126/anat/sub-126_T1w.nii.gz,4
datasets/ds000158_R1.0.1/sub-187/anat/sub-187_T1w.nii.gz,4
datasets/ds000158_R1.0.1/sub-113/anat/sub-113_T1w.nii.gz,4
datasets/ds000158_R1.0.1/sub-094/anat/sub-094_T1w.nii.gz,4
datasets/ds000158_R1.0.1/sub-089/anat/sub-089_T1w.nii.gz,4
datasets/ds000158_R1.0.1/sub-136/anat/sub-136_T1w.nii.gz,4
datasets/ds000158_R1.0.1/sub-120/anat/sub-120_T1w.nii.gz,4
datasets/ds000158_R1.0.1/sub-051/anat/sub-051_T1w.nii.gz,4
datasets/ds000158_R1.0.1/sub-197/anat/sub-197_T1w.nii.gz,4
datasets/ds000158_R1.0.1/sub-018/anat/sub-018_T1w.nii.gz,4
datasets/ds000158_R1.0.1/sub-114/anat/sub-114_T1w.nii.gz,4
datasets/ds000158_R1.0.1/sub-057/anat/sub-057_T1w.nii.gz,4
datasets/ds000158_R1.0.1/sub-176/anat/sub-176_T1w.nii.gz,4
datasets/ds000158_R1.0.1/sub-116/anat/sub-116_T1w.nii.gz,4
datasets/ds000158_R1.0.1/sub-124/anat/sub-124_T1w.nii.gz,4
datasets/ds000158_R1.0.1/sub-102/anat/sub-102_T1w.nii.gz,4
datasets/ds000158_R1.0.1/sub-123/anat/sub-123_T1w.nii.gz,4
datasets/ds000158_R1.0.1/sub-075/anat/sub-075_T1w.nii.gz,4
datasets/ds000158_R1.0.1/sub-122/anat/sub-122_T1w.nii.gz,4
datasets/ds000158_R1.0.1/sub-173/anat/sub-173_T1w.nii.gz,4
datasets/ds000158_R1.0.1/sub-205/anat/sub-205_T1w.nii.gz,4
datasets/ds000158_R1.0.1/sub-002/anat/sub-002_T1w.nii.gz,4
datasets/ds000158_R1.0.1/sub-155/anat/sub-155_T1w.nii.gz,4
datasets/ds000158_R1.0.1/sub-128/anat/sub-128_T1w.nii.gz,4
datasets/ds000158_R1.0.1/sub-028/anat/sub-028_T1w.nii.gz,4
datasets/ds000158_R1.0.1/sub-040/anat/sub-040_T1w.nii.gz,4
datasets/ds000158_R1.0.1/sub-110/anat/sub-110_T1w.nii.gz,4
datasets/ds000158_R1.0.1/sub-198/anat/sub-198_T1w.nii.gz,4
datasets/ds000158_R1.0.1/sub-191/anat/sub-191_T1w.nii.gz,4
datasets/ds000158_R1.0.1/sub-141/anat/sub-141_T1w.nii.gz,4
datasets/ds000158_R1.0.1/sub-065/anat/sub-065_T1w.nii.gz,4
datasets/ds000158_R1.0.1/sub-080/anat/sub-080_T1w.nii.gz,4
datasets/ds000158_R1.0.1/sub-074/anat/sub-074_T1w.nii.gz,4
datasets/ds000158_R1.0.1/sub-071/anat/sub-071_T1w.nii.gz,4
datasets/ds000158_R1.0.1/sub-216/anat/sub-216_T1w.nii.gz,4
datasets/ds000158_R1.0.1/sub-178/anat/sub-178_T1w.nii.gz,4
datasets/ds000158_R1.0.1/sub-151/anat/sub-151_T1w.nii.gz,4
datasets/ds000158_R1.0.1/sub-199/anat/sub-199_T1w.nii.gz,4
datasets/ds000158_R1.0.1/sub-003/anat/sub-003_T1w.nii.gz,4
datasets/ds000158_R1.0.1/sub-117/anat/sub-117_T1w.nii.gz,4
datasets/ds000158_R1.0.1/sub-208/anat/sub-208_T1w.nii.gz,4
datasets/ds000158_R1.0.1/sub-174/anat/sub-174_T1w.nii.gz,4
datasets/ds000158_R1.0.1/sub-148/anat/sub-148_T1w.nii.gz,4
datasets/ds000158_R1.0.1/sub-063/anat/sub-063_T1w.nii.gz,4
datasets/ds000158_R1.0.1/sub-067/anat/sub-067_T1w.nii.gz,4
datasets/ds000158_R1.0.1/sub-189/anat/sub-189_T1w.nii.gz,4
datasets/ds000158_R1.0.1/sub-160/anat/sub-160_T1w.nii.gz,4
datasets/ds000158_R1.0.1/sub-064/anat/sub-064_T1w.nii.gz,4
datasets/ds000158_R1.0.1/sub-195/anat/sub-195_T1w.nii.gz,4
datasets/ds000158_R1.0.1/sub-058/anat/sub-058_T1w.nii.gz,4
datasets/ds000158_R1.0.1/sub-146/anat/sub-146_T1w.nii.gz,4
datasets/ds000158_R1.0.1/sub-042/anat/sub-042_T1w.nii.gz,4
datasets/ds000158_R1.0.1/sub-207/anat/sub-207_T1w.nii.gz,4
datasets/ds000158_R1.0.1/sub-150/anat/sub-150_T1w.nii.gz,4
datasets/ds000158_R1.0.1/sub-022/anat/sub-022_T1w.nii.gz,4
datasets/ds000158_R1.0.1/sub-111/anat/sub-111_T1w.nii.gz,4
datasets/ds000158_R1.0.1/sub-088/anat/sub-088_T1w.nii.gz,4
datasets/ds000158_R1.0.1/sub-024/anat/sub-024_T1w.nii.gz,4
datasets/ds000158_R1.0.1/sub-210/anat/sub-210_T1w.nii.gz,4
datasets/ds000158_R1.0.1/sub-217/anat/sub-217_T1w.nii.gz,4
datasets/ds000158_R1.0.1/sub-158/anat/sub-158_T1w.nii.gz,4
datasets/ds000158_R1.0.1/sub-015/anat/sub-015_T1w.nii.gz,4
datasets/ds000158_R1.0.1/sub-166/anat/sub-166_T1w.nii.gz,4
datasets/ds000158_R1.0.1/sub-021/anat/sub-021_T1w.nii.gz,4
datasets/ds000158_R1.0.1/sub-025/anat/sub-025_T1w.nii.gz,4
datasets/ds000158_R1.0.1/sub-209/anat/sub-209_T1w.nii.gz,4
datasets/ds000158_R1.0.1/sub-163/anat/sub-163_T1w.nii.gz,4
datasets/ds000158_R1.0.1/sub-092/anat/sub-092_T1w.nii.gz,4
datasets/ds000158_R1.0.1/sub-016/anat/sub-016_T1w.nii.gz,4
datasets/ds000158_R1.0.1/sub-029/anat/sub-029_T1w.nii.gz,4
datasets/ds000158_R1.0.1/sub-078/anat/sub-078_T1w.nii.gz,4
datasets/ds000158_R1.0.1/sub-047/anat/sub-047_T1w.nii.gz,4
datasets/ds000158_R1.0.1/sub-107/anat/sub-107_T1w.nii.gz,4
datasets/ds000158_R1.0.1/sub-019/anat/sub-019_T1w.nii.gz,4
datasets/ds000158_R1.0.1/sub-211/anat/sub-211_T1w.nii.gz,4
datasets/ds000158_R1.0.1/sub-001/anat/sub-001_T1w.nii.gz,4
datasets/ds000158_R1.0.1/sub-032/anat/sub-032_T1w.nii.gz,4
datasets/ds000158_R1.0.1/sub-017/anat/sub-017_T1w.nii.gz,4
datasets/ds000158_R1.0.1/sub-132/anat/sub-132_T1w.nii.gz,4
datasets/ds000158_R1.0.1/sub-062/anat/sub-062_T1w.nii.gz,4
datasets/ds000158_R1.0.1/sub-093/anat/sub-093_T1w.nii.gz,4
datasets/ds000158_R1.0.1/sub-153/anat/sub-153_T1w.nii.gz,4
datasets/ds000158_R1.0.1/sub-156/anat/sub-156_T1w.nii.gz,4
datasets/ds000158_R1.0.1/sub-172/anat/sub-172_T1w.nii.gz,4
datasets/ds000158_R1.0.1/sub-079/anat/sub-079_T1w.nii.gz,4
datasets/ds000158_R1.0.1/sub-046/anat/sub-046_T1w.nii.gz,4
datasets/ds000158_R1.0.1/sub-054/anat/sub-054_T1w.nii.gz,4
datasets/ds000158_R1.0.1/sub-077/anat/sub-077_T1w.nii.gz,4
datasets/ds000158_R1.0.1/sub-105/anat/sub-105_T1w.nii.gz,4
datasets/ds000158_R1.0.1/sub-014/anat/sub-014_T1w.nii.gz,4
datasets/ds000158_R1.0.1/sub-011/anat/sub-011_T1w.nii.gz,4
datasets/ds000158_R1.0.1/sub-041/anat/sub-041_T1w.nii.gz,4
datasets/ds000158_R1.0.1/sub-171/anat/sub-171_T1w.nii.gz,4
datasets/ds000158_R1.0.1/sub-213/anat/sub-213_T1w.nii.gz,4
datasets/ds000158_R1.0.1/sub-006/anat/sub-006_T1w.nii.gz,4
datasets/ds000158_R1.0.1/sub-035/anat/sub-035_T1w.nii.gz,4
datasets/ds000158_R1.0.1/sub-121/anat/sub-121_T1w.nii.gz,4
datasets/ds000158_R1.0.1/sub-112/anat/sub-112_T1w.nii.gz,4
datasets/ds000158_R1.0.1/sub-134/anat/sub-134_T1w.nii.gz,4
datasets/ds000158_R1.0.1/sub-193/anat/sub-193_T1w.nii.gz,4
datasets/ds000158_R1.0.1/sub-143/anat/sub-143_T1w.nii.gz,4
datasets/ds000158_R1.0.1/sub-020/anat/sub-020_T1w.nii.gz,4
datasets/ds000158_R1.0.1/sub-082/anat/sub-082_T1w.nii.gz,4
datasets/ds000158_R1.0.1/sub-212/anat/sub-212_T1w.nii.gz,4
datasets/ds000158_R1.0.1/sub-118/anat/sub-118_T1w.nii.gz,4
datasets/ds000158_R1.0.1/sub-119/anat/sub-119_T1w.nii.gz,4
datasets/ds000158_R1.0.1/sub-106/anat/sub-106_T1w.nii.gz,4
datasets/ds000158_R1.0.1/sub-109/anat/sub-109_T1w.nii.gz,4
datasets/ds000158_R1.0.1/sub-196/anat/sub-196_T1w.nii.gz,4
datasets/ds000158_R1.0.1/sub-066/anat/sub-066_T1w.nii.gz,4
datasets/ds000158_R1.0.1/sub-115/anat/sub-115_T1w.nii.gz,4
datasets/ds000158_R1.0.1/sub-007/anat/sub-007_T1w.nii.gz,4
datasets/ds000158_R1.0.1/sub-037/anat/sub-037_T1w.nii.gz,4
datasets/ds000158_R1.0.1/sub-104/anat/sub-104_T1w.nii.gz,4
datasets/ds000158_R1.0.1/sub-004/anat/sub-004_T1w.nii.gz,4
datasets/ds000158_R1.0.1/sub-190/anat/sub-190_T1w.nii.gz,4
datasets/ds000158_R1.0.1/sub-072/anat/sub-072_T1w.nii.gz,4
datasets/ds000158_R1.0.1/sub-096/anat/sub-096_T1w.nii.gz,4
datasets/ds000158_R1.0.1/sub-048/anat/sub-048_T1w.nii.gz,4
datasets/ds000158_R1.0.1/sub-154/anat/sub-154_T1w.nii.gz,4
datasets/ds000158_R1.0.1/sub-060/anat/sub-060_T1w.nii.gz,4
datasets/ds000158_R1.0.1/sub-133/anat/sub-133_T1w.nii.gz,4
datasets/ds000158_R1.0.1/sub-138/anat/sub-138_T1w.nii.gz,4
datasets/ds000158_R1.0.1/sub-045/anat/sub-045_T1w.nii.gz,4
datasets/ds000158_R1.0.1/sub-147/anat/sub-147_T1w.nii.gz,4
datasets/ds000158_R1.0.1/sub-012/anat/sub-012_T1w.nii.gz,4
datasets/ds000158_R1.0.1/sub-192/anat/sub-192_T1w.nii.gz,4
datasets/ds000158_R1.0.1/sub-183/anat/sub-183_T1w.nii.gz,4
datasets/ds000158_R1.0.1/sub-159/anat/sub-159_T1w.nii.gz,4
datasets/ds000158_R1.0.1/sub-194/anat/sub-194_T1w.nii.gz,4
datasets/ds000158_R1.0.1/sub-091/anat/sub-091_T1w.nii.gz,4
datasets/ds000158_R1.0.1/sub-214/anat/sub-214_T1w.nii.gz,4
datasets/ds000158_R1.0.1/sub-186/anat/sub-186_T1w.nii.gz,4
datasets/ds000158_R1.0.1/sub-127/anat/sub-127_T1w.nii.gz,4
datasets/ds000158_R1.0.1/sub-149/anat/sub-149_T1w.nii.gz,4
datasets/ds000158_R1.0.1/sub-005/anat/sub-005_T1w.nii.gz,4
datasets/ds000158_R1.0.1/sub-201/anat/sub-201_T1w.nii.gz,4
datasets/ds000158_R1.0.1/sub-162/anat/sub-162_T1w.nii.gz,4
datasets/ds000158_R1.0.1/sub-177/anat/sub-177_T1w.nii.gz,4
datasets/ds000158_R1.0.1/sub-031/anat/sub-031_T1w.nii.gz,4
datasets/ds000158_R1.0.1/sub-061/anat/sub-061_T1w.nii.gz,4
datasets/ds000158_R1.0.1/sub-175/anat/sub-175_T1w.nii.gz,4
datasets/ds000158_R1.0.1/sub-185/anat/sub-185_T1w.nii.gz,4
datasets/ds000201_R1.0.5/sub-9036/ses-1/anat/sub-9036_ses-1_T1w.nii.gz,5
datasets/ds000201_R1.0.5/sub-9036/ses-2/anat/sub-9036_ses-2_T1w.nii.gz,5
datasets/ds000201_R1.0.5/sub-9087/ses-1/anat/sub-9087_ses-1_T1w.nii.gz,5
datasets/ds000201_R1.0.5/sub-9087/ses-2/anat/sub-9087_ses-2_T1w.nii.gz,5
datasets/ds000201_R1.0.5/sub-9054/ses-1/anat/sub-9054_ses-1_T1w.nii.gz,5
datasets/ds000201_R1.0.5/sub-9054/ses-2/anat/sub-9054_ses-2_T1w.nii.gz,5
datasets/ds000201_R1.0.5/sub-9037/ses-1/anat/sub-9037_ses-1_T1w.nii.gz,5
datasets/ds000201_R1.0.5/sub-9037/ses-2/anat/sub-9037_ses-2_T1w.nii.gz,5
datasets/ds000201_R1.0.5/sub-9025/ses-1/anat/sub-9025_ses-1_T1w.nii.gz,5
datasets/ds000201_R1.0.5/sub-9025/ses-2/anat/sub-9025_ses-2_T1w.nii.gz,5
datasets/ds000201_R1.0.5/sub-9017/ses-1/anat/sub-9017_ses-1_T1w.nii.gz,5
datasets/ds000201_R1.0.5/sub-9017/ses-2/anat/sub-9017_ses-2_T1w.nii.gz,5
datasets/ds000201_R1.0.5/sub-9068/ses-1/anat/sub-9068_ses-1_T1w.nii.gz,5
datasets/ds000201_R1.0.5/sub-9068/ses-2/anat/sub-9068_ses-2_T1w.nii.gz,5
datasets/ds000201_R1.0.5/sub-9007/ses-1/anat/sub-9007_ses-1_T1w.nii.gz,5
datasets/ds000201_R1.0.5/sub-9007/ses-2/anat/sub-9007_ses-2_T1w.nii.gz,5
datasets/ds000201_R1.0.5/sub-9039/ses-1/anat/sub-9039_ses-1_T1w.nii.gz,5
datasets/ds000201_R1.0.5/sub-9039/ses-2/anat/sub-9039_ses-2_T1w.nii.gz,5
datasets/ds000201_R1.0.5/sub-9075/ses-1/anat/sub-9075_ses-1_T1w.nii.gz,5
datasets/ds000201_R1.0.5/sub-9075/ses-2/anat/sub-9075_ses-2_T1w.nii.gz,5
datasets/ds000201_R1.0.5/sub-9085/ses-1/anat/sub-9085_ses-1_T1w.nii.gz,5
datasets/ds000201_R1.0.5/sub-9085/ses-2/anat/sub-9085_ses-2_T1w.nii.gz,5
datasets/ds000201_R1.0.5/sub-9035/ses-1/anat/sub-9035_ses-1_T1w.nii.gz,5
datasets/ds000201_R1.0.5/sub-9035/ses-2/anat/sub-9035_ses-2_T1w.nii.gz,5
datasets/ds000201_R1.0.5/sub-9089/ses-1/anat/sub-9089_ses-1_T1w.nii.gz,5
datasets/ds000201_R1.0.5/sub-9089/ses-2/anat/sub-9089_ses-2_T1w.nii.gz,5
datasets/ds000201_R1.0.5/sub-9077/ses-1/anat/sub-9077_ses-1_T1w.nii.gz,5
datasets/ds000201_R1.0.5/sub-9077/ses-2/anat/sub-9077_ses-2_T1w.nii.gz,5
datasets/ds000201_R1.0.5/sub-9045/ses-1/anat/sub-9045_ses-1_T1w.nii.gz,5
datasets/ds000201_R1.0.5/sub-9045/ses-2/anat/sub-9045_ses-2_T1w.nii.gz,5
datasets/ds000201_R1.0.5/sub-9034/ses-1/anat/sub-9034_ses-1_T1w.nii.gz,5
datasets/ds000201_R1.0.5/sub-9034/ses-2/anat/sub-9034_ses-2_T1w.nii.gz,5
datasets/ds000201_R1.0.5/sub-9100/ses-1/anat/sub-9100_ses-1_T1w.nii.gz,5
datasets/ds000201_R1.0.5/sub-9100/ses-2/anat/sub-9100_ses-2_T1w.nii.gz,5
datasets/ds000201_R1.0.5/sub-9044/ses-1/anat/sub-9044_ses-1_T1w.nii.gz,5
datasets/ds000201_R1.0.5/sub-9044/ses-2/anat/sub-9044_ses-2_T1w.nii.gz,5
datasets/ds000201_R1.0.5/sub-9080/ses-1/anat/sub-9080_ses-1_T1w.nii.gz,5
datasets/ds000201_R1.0.5/sub-9080/ses-2/anat/sub-9080_ses-2_T1w.nii.gz,5
datasets/ds000201_R1.0.5/sub-9048/ses-1/anat/sub-9048_ses-1_T1w.nii.gz,5
datasets/ds000201_R1.0.5/sub-9048/ses-2/anat/sub-9048_ses-2_T1w.nii.gz,5
datasets/ds000201_R1.0.5/sub-9046/ses-1/anat/sub-9046_ses-1_T1w.nii.gz,5
datasets/ds000201_R1.0.5/sub-9046/ses-2/anat/sub-9046_ses-2_T1w.nii.gz,5
datasets/ds000201_R1.0.5/sub-9033/ses-1/anat/sub-9033_ses-1_T1w.nii.gz,5
datasets/ds000201_R1.0.5/sub-9033/ses-2/anat/sub-9033_ses-2_T1w.nii.gz,5
datasets/ds000201_R1.0.5/sub-9020/ses-1/anat/sub-9020_ses-1_T1w.nii.gz,5
datasets/ds000201_R1.0.5/sub-9020/ses-2/anat/sub-9020_ses-2_T1w.nii.gz,5
datasets/ds000201_R1.0.5/sub-9018/ses-1/anat/sub-9018_ses-1_T1w.nii.gz,5
datasets/ds000201_R1.0.5/sub-9018/ses-2/anat/sub-9018_ses-2_T1w.nii.gz,5
datasets/ds000201_R1.0.5/sub-9070/ses-1/anat/sub-9070_ses-1_T1w.nii.gz,5
datasets/ds000201_R1.0.5/sub-9070/ses-2/anat/sub-9070_ses-2_T1w.nii.gz,5
datasets/ds000201_R1.0.5/sub-9062/ses-1/anat/sub-9062_ses-1_T1w.nii.gz,5
datasets/ds000201_R1.0.5/sub-9062/ses-2/anat/sub-9062_ses-2_T1w.nii.gz,5
datasets/ds000201_R1.0.5/sub-9083/ses-1/anat/sub-9083_ses-1_T1w.nii.gz,5
datasets/ds000201_R1.0.5/sub-9083/ses-2/anat/sub-9083_ses-2_T1w.nii.gz,5
datasets/ds000201_R1.0.5/sub-9042/ses-1/anat/sub-9042_ses-1_T1w.nii.gz,5
datasets/ds000201_R1.0.5/sub-9042/ses-2/anat/sub-9042_ses-2_T1w.nii.gz,5
datasets/ds000201_R1.0.5/sub-9019/ses-1/anat/sub-9019_ses-1_T1w.nii.gz,5
datasets/ds000201_R1.0.5/sub-9019/ses-2/anat/sub-9019_ses-2_T1w.nii.gz,5
datasets/ds000201_R1.0.5/sub-9074/ses-1/anat/sub-9074_ses-1_T1w.nii.gz,5
datasets/ds000201_R1.0.5/sub-9074/ses-2/anat/sub-9074_ses-2_T1w.nii.gz,5
datasets/ds000201_R1.0.5/sub-9040/ses-1/anat/sub-9040_ses-1_T1w.nii.gz,5
datasets/ds000201_R1.0.5/sub-9040/ses-2/anat/sub-9040_ses-2_T1w.nii.gz,5
datasets/ds000201_R1.0.5/sub-9084/ses-1/anat/sub-9084_ses-1_T1w.nii.gz,5
datasets/ds000201_R1.0.5/sub-9084/ses-2/anat/sub-9084_ses-2_T1w.nii.gz,5
datasets/ds000201_R1.0.5/sub-9069/ses-1/anat/sub-9069_ses-1_T1w.nii.gz,5
datasets/ds000201_R1.0.5/sub-9069/ses-2/anat/sub-9069_ses-2_T1w.nii.gz,5
datasets/ds000201_R1.0.5/sub-9063/ses-1/anat/sub-9063_ses-1_T1w.nii.gz,5
datasets/ds000201_R1.0.5/sub-9063/ses-2/anat/sub-9063_ses-2_T1w.nii.gz,5
datasets/ds000201_R1.0.5/sub-9095/ses-1/anat/sub-9095_ses-1_T1w.nii.gz,5
datasets/ds000201_R1.0.5/sub-9059/ses-1/anat/sub-9059_ses-1_T1w.nii.gz,5
datasets/ds000201_R1.0.5/sub-9059/ses-2/anat/sub-9059_ses-2_T1w.nii.gz,5
datasets/ds000201_R1.0.5/sub-9078/ses-1/anat/sub-9078_ses-1_T1w.nii.gz,5
datasets/ds000201_R1.0.5/sub-9057/ses-1/anat/sub-9057_ses-1_T1w.nii.gz,5
datasets/ds000201_R1.0.5/sub-9057/ses-2/anat/sub-9057_ses-2_T1w.nii.gz,5
datasets/ds000201_R1.0.5/sub-9050/ses-1/anat/sub-9050_ses-1_T1w.nii.gz,5
datasets/ds000201_R1.0.5/sub-9050/ses-2/anat/sub-9050_ses-2_T1w.nii.gz,5
datasets/ds000201_R1.0.5/sub-9014/ses-1/anat/sub-9014_ses-1_T1w.nii.gz,5
datasets/ds000201_R1.0.5/sub-9014/ses-2/anat/sub-9014_ses-2_T1w.nii.gz,5
datasets/ds000201_R1.0.5/sub-9096/ses-1/anat/sub-9096_ses-1_T1w.nii.gz,5
datasets/ds000201_R1.0.5/sub-9096/ses-2/anat/sub-9096_ses-2_T1w.nii.gz,5
datasets/ds000201_R1.0.5/sub-9072/ses-1/anat/sub-9072_ses-1_T1w.nii.gz,5
datasets/ds000201_R1.0.5/sub-9072/ses-2/anat/sub-9072_ses-2_T1w.nii.gz,5
datasets/ds000201_R1.0.5/sub-9086/ses-1/anat/sub-9086_ses-1_T1w.nii.gz,5
datasets/ds000201_R1.0.5/sub-9086/ses-2/anat/sub-9086_ses-2_T1w.nii.gz,5
datasets/ds000201_R1.0.5/sub-9091/ses-1/anat/sub-9091_ses-1_T1w.nii.gz,5
datasets/ds000201_R1.0.5/sub-9091/ses-2/anat/sub-9091_ses-2_T1w.nii.gz,5
datasets/ds000201_R1.0.5/sub-9090/ses-1/anat/sub-9090_ses-1_T1w.nii.gz,5
datasets/ds000201_R1.0.5/sub-9090/ses-2/anat/sub-9090_ses-2_T1w.nii.gz,5
datasets/ds000201_R1.0.5/sub-9004/ses-1/anat/sub-9004_ses-1_T1w.nii.gz,5
datasets/ds000201_R1.0.5/sub-9004/ses-2/anat/sub-9004_ses-2_T1w.nii.gz,5
datasets/ds000201_R1.0.5/sub-9047/ses-1/anat/sub-9047_ses-1_T1w.nii.gz,5
datasets/ds000201_R1.0.5/sub-9047/ses-2/anat/sub-9047_ses-2_T1w.nii.gz,5
datasets/ds000201_R1.0.5/sub-9028/ses-1/anat/sub-9028_ses-1_T1w.nii.gz,5
datasets/ds000201_R1.0.5/sub-9028/ses-2/anat/sub-9028_ses-2_T1w.nii.gz,5
datasets/ds000201_R1.0.5/sub-9067/ses-1/anat/sub-9067_ses-1_T1w.nii.gz,5
datasets/ds000201_R1.0.5/sub-9067/ses-2/anat/sub-9067_ses-2_T1w.nii.gz,5
datasets/ds000201_R1.0.5/sub-9076/ses-1/anat/sub-9076_ses-1_T1w.nii.gz,5
datasets/ds000201_R1.0.5/sub-9076/ses-2/anat/sub-9076_ses-2_T1w.nii.gz,5
datasets/ds000201_R1.0.5/sub-9049/ses-1/anat/sub-9049_ses-1_T1w.nii.gz,5
datasets/ds000201_R1.0.5/sub-9049/ses-2/anat/sub-9049_ses-2_T1w.nii.gz,5
datasets/ds000201_R1.0.5/sub-9008/ses-1/anat/sub-9008_ses-1_T1w.nii.gz,5
datasets/ds000201_R1.0.5/sub-9008/ses-2/anat/sub-9008_ses-2_T1w.nii.gz,5
datasets/ds000201_R1.0.5/sub-9061/ses-1/anat/sub-9061_ses-1_T1w.nii.gz,5
datasets/ds000201_R1.0.5/sub-9061/ses-2/anat/sub-9061_ses-2_T1w.nii.gz,5
datasets/ds000201_R1.0.5/sub-9023/ses-1/anat/sub-9023_ses-1_T1w.nii.gz,5
datasets/ds000201_R1.0.5/sub-9023/ses-2/anat/sub-9023_ses-2_T1w.nii.gz,5
datasets/ds000201_R1.0.5/sub-9064/ses-1/anat/sub-9064_ses-1_T1w.nii.gz,5
datasets/ds000201_R1.0.5/sub-9064/ses-2/anat/sub-9064_ses-2_T1w.nii.gz,5
datasets/ds000201_R1.0.5/sub-9029/ses-1/anat/sub-9029_ses-1_T1w.nii.gz,5
datasets/ds000201_R1.0.5/sub-9029/ses-2/anat/sub-9029_ses-2_T1w.nii.gz,5
datasets/ds000201_R1.0.5/sub-9038/ses-1/anat/sub-9038_ses-1_T1w.nii.gz,5
datasets/ds000201_R1.0.5/sub-9038/ses-2/anat/sub-9038_ses-2_T1w.nii.gz,5
datasets/ds000201_R1.0.5/sub-9056/ses-1/anat/sub-9056_ses-1_T1w.nii.gz,5
datasets/ds000201_R1.0.5/sub-9056/ses-2/anat/sub-9056_ses-2_T1w.nii.gz,5
datasets/ds000201_R1.0.5/sub-9088/ses-1/anat/sub-9088_ses-1_T1w.nii.gz,5
datasets/ds000201_R1.0.5/sub-9088/ses-2/anat/sub-9088_ses-2_T1w.nii.gz,5
datasets/ds000201_R1.0.5/sub-9005/ses-1/anat/sub-9005_ses-1_T1w.nii.gz,5
datasets/ds000201_R1.0.5/sub-9005/ses-2/anat/sub-9005_ses-2_T1w.nii.gz,5
datasets/ds000201_R1.0.5/sub-9079/ses-1/anat/sub-9079_ses-1_T1w.nii.gz,5
datasets/ds000201_R1.0.5/sub-9079/ses-2/anat/sub-9079_ses-2_T1w.nii.gz,5
datasets/ds000201_R1.0.5/sub-9073/ses-1/anat/sub-9073_ses-1_T1w.nii.gz,5
datasets/ds000201_R1.0.5/sub-9073/ses-2/anat/sub-9073_ses-2_T1w.nii.gz,5
datasets/ds000201_R1.0.5/sub-9011/ses-1/anat/sub-9011_ses-1_T1w.nii.gz,5
datasets/ds000201_R1.0.5/sub-9011/ses-2/anat/sub-9011_ses-2_T1w.nii.gz,5
datasets/ds000201_R1.0.5/sub-9094/ses-1/anat/sub-9094_ses-1_T1w.nii.gz,5
datasets/ds000201_R1.0.5/sub-9094/ses-2/anat/sub-9094_ses-2_T1w.nii.gz,5
datasets/ds000201_R1.0.5/sub-9003/ses-1/anat/sub-9003_ses-1_T1w.nii.gz,5
datasets/ds000201_R1.0.5/sub-9003/ses-2/anat/sub-9003_ses-2_T1w.nii.gz,5
datasets/ds000201_R1.0.5/sub-9071/ses-1/anat/sub-9071_ses-1_T1w.nii.gz,5
datasets/ds000201_R1.0.5/sub-9071/ses-2/anat/sub-9071_ses-2_T1w.nii.gz,5
datasets/ds000201_R1.0.5/sub-9032/ses-1/anat/sub-9032_ses-1_T1w.nii.gz,5
datasets/ds000201_R1.0.5/sub-9032/ses-2/anat/sub-9032_ses-2_T1w.nii.gz,5
datasets/ds000201_R1.0.5/sub-9009/ses-1/anat/sub-9009_ses-1_T1w.nii.gz,5
datasets/ds000201_R1.0.5/sub-9009/ses-2/anat/sub-9009_ses-2_T1w.nii.gz,5
datasets/ds000201_R1.0.5/sub-9022/ses-1/anat/sub-9022_ses-1_T1w.nii.gz,5
datasets/ds000201_R1.0.5/sub-9016/ses-1/anat/sub-9016_ses-1_T1w.nii.gz,5
datasets/ds000201_R1.0.5/sub-9055/ses-1/anat/sub-9055_ses-1_T1w.nii.gz,5
datasets/ds000201_R1.0.5/sub-9055/ses-2/anat/sub-9055_ses-2_T1w.nii.gz,5
datasets/ds000201_R1.0.5/sub-9013/ses-1/anat/sub-9013_ses-1_T1w.nii.gz,5
datasets/ds000201_R1.0.5/sub-9013/ses-2/anat/sub-9013_ses-2_T1w.nii.gz,5
datasets/ds000201_R1.0.5/sub-9002/ses-1/anat/sub-9002_ses-1_T1w.nii.gz,5
datasets/ds000201_R1.0.5/sub-9002/ses-2/anat/sub-9002_ses-2_T1w.nii.gz,5
datasets/ds000201_R1.0.5/sub-9058/ses-1/anat/sub-9058_ses-1_T1w.nii.gz,5
datasets/ds000201_R1.0.5/sub-9058/ses-2/anat/sub-9058_ses-2_T1w.nii.gz,5
datasets/ds000201_R1.0.5/sub-9082/ses-1/anat/sub-9082_ses-1_T1w.nii.gz,5
datasets/ds000201_R1.0.5/sub-9082/ses-2/anat/sub-9082_ses-2_T1w.nii.gz,5
datasets/ds000201_R1.0.5/sub-9053/ses-1/anat/sub-9053_ses-1_T1w.nii.gz,5
datasets/ds000201_R1.0.5/sub-9053/ses-2/anat/sub-9053_ses-2_T1w.nii.gz,5
datasets/ds000201_R1.0.5/sub-9026/ses-1/anat/sub-9026_ses-1_T1w.nii.gz,5
datasets/ds000201_R1.0.5/sub-9026/ses-2/anat/sub-9026_ses-2_T1w.nii.gz,5
datasets/ds000201_R1.0.5/sub-9092/ses-1/anat/sub-9092_ses-1_T1w.nii.gz,5
datasets/ds000201_R1.0.5/sub-9092/ses-2/anat/sub-9092_ses-2_T1w.nii.gz,5
datasets/ds000201_R1.0.5/sub-9081/ses-1/anat/sub-9081_ses-1_T1w.nii.gz,5
datasets/ds000201_R1.0.5/sub-9081/ses-2/anat/sub-9081_ses-2_T1w.nii.gz,5
datasets/ds000201_R1.0.5/sub-9001/ses-1/anat/sub-9001_ses-1_T1w.nii.gz,5
datasets/ds000201_R1.0.5/sub-9001/ses-2/anat/sub-9001_ses-2_T1w.nii.gz,5
datasets/ds000201_R1.0.5/sub-9065/ses-1/anat/sub-9065_ses-1_T1w.nii.gz,5
datasets/ds000201_R1.0.5/sub-9065/ses-2/anat/sub-9065_ses-2_T1w.nii.gz,5
datasets/ds000201_R1.0.5/sub-9093/ses-1/anat/sub-9093_ses-1_T1w.nii.gz,5
datasets/ds000201_R1.0.5/sub-9093/ses-2/anat/sub-9093_ses-2_T1w.nii.gz,5
datasets/ds000201_R1.0.5/sub-9066/ses-1/anat/sub-9066_ses-1_T1w.nii.gz,5
datasets/ds000201_R1.0.5/sub-9012/ses-1/anat/sub-9012_ses-1_T1w.nii.gz,5
datasets/ds000201_R1.0.5/sub-9012/ses-2/anat/sub-9012_ses-2_T1w.nii.gz,5
datasets/ds000201_R1.0.5/sub-9041/ses-1/anat/sub-9041_ses-1_T1w.nii.gz,5
datasets/ds000201_R1.0.5/sub-9041/ses-2/anat/sub-9041_ses-2_T1w.nii.gz,5
datasets/ds000201_R1.0.5/sub-9098/ses-1/anat/sub-9098_ses-1_T1w.nii.gz,5
datasets/ds000201_R1.0.5/sub-9098/ses-2/anat/sub-9098_ses-2_T1w.nii.gz,5
datasets/ds000202_R1.0.2/sub-1002/anat/sub-1002_T1w.nii.gz,5
datasets/ds000202_R1.0.2/sub-1035/anat/sub-1035_T1w.nii.gz,5
datasets/ds000202_R1.0.2/sub-1061/anat/sub-1061_T1w.nii.gz,5
datasets/ds000202_R1.0.2/sub-1024/anat/sub-1024_T1w.nii.gz,5
datasets/ds000202_R1.0.2/sub-1037/anat/sub-1037_T1w.nii.gz,5
datasets/ds000202_R1.0.2/sub-1094/anat/sub-1094_T1w.nii.gz,5
datasets/ds000202_R1.0.2/sub-1049/anat/sub-1049_T1w.nii.gz,5
datasets/ds000202_R1.0.2/sub-1033/anat/sub-1033_T1w.nii.gz,5
datasets/ds000202_R1.0.2/sub-1047/anat/sub-1047_T1w.nii.gz,5
datasets/ds000202_R1.0.2/sub-1003/anat/sub-1003_T1w.nii.gz,5
datasets/ds000202_R1.0.2/sub-1073/anat/sub-1073_T1w.nii.gz,5
datasets/ds000202_R1.0.2/sub-1019/anat/sub-1019_T1w.nii.gz,5
datasets/ds000202_R1.0.2/sub-1056/anat/sub-1056_T1w.nii.gz,5
datasets/ds000202_R1.0.2/sub-1090/anat/sub-1090_T1w.nii.gz,5
datasets/ds000202_R1.0.2/sub-1006/anat/sub-1006_T1w.nii.gz,5
datasets/ds000202_R1.0.2/sub-1042/anat/sub-1042_T1w.nii.gz,5
datasets/ds000202_R1.0.2/sub-1066/anat/sub-1066_T1w.nii.gz,5
datasets/ds000202_R1.0.2/sub-1064/anat/sub-1064_T1w.nii.gz,5
datasets/ds000202_R1.0.2/sub-1085/anat/sub-1085_T1w.nii.gz,5
datasets/ds000202_R1.0.2/sub-1016/anat/sub-1016_T1w.nii.gz,5
datasets/ds000202_R1.0.2/sub-1008/anat/sub-1008_T1w.nii.gz,5
datasets/ds000202_R1.0.2/sub-1005/anat/sub-1005_T1w.nii.gz,5
datasets/ds000202_R1.0.2/sub-1007/anat/sub-1007_T1w.nii.gz,5
datasets/ds000202_R1.0.2/sub-1036/anat/sub-1036_T1w.nii.gz,5
datasets/ds000202_R1.0.2/sub-1031/anat/sub-1031_T1w.nii.gz,5
datasets/ds000202_R1.0.2/sub-1095/anat/sub-1095_T1w.nii.gz,5
datasets/ds000202_R1.0.2/sub-1079/anat/sub-1079_T1w.nii.gz,5
datasets/ds000202_R1.0.2/sub-1062/anat/sub-1062_T1w.nii.gz,5
datasets/ds000202_R1.0.2/sub-1028/anat/sub-1028_T1w.nii.gz,5
datasets/ds000202_R1.0.2/sub-1055/anat/sub-1055_T1w.nii.gz,5
datasets/ds000202_R1.0.2/sub-1074/anat/sub-1074_T1w.nii.gz,5
datasets/ds000202_R1.0.2/sub-1092/anat/sub-1092_T1w.nii.gz,5
datasets/ds000202_R1.0.2/sub-1017/anat/sub-1017_T1w.nii.gz,5
datasets/ds000202_R1.0.2/sub-1060/anat/sub-1060_T1w.nii.gz,5
datasets/ds000202_R1.0.2/sub-1054/anat/sub-1054_T1w.nii.gz,5
datasets/ds000202_R1.0.2/sub-1081/anat/sub-1081_T1w.nii.gz,5
datasets/ds000202_R1.0.2/sub-1077/anat/sub-1077_T1w.nii.gz,5
datasets/ds000202_R1.0.2/sub-1086/anat/sub-1086_T1w.nii.gz,5
datasets/ds000202_R1.0.2/sub-1044/anat/sub-1044_T1w.nii.gz,5
datasets/ds000202_R1.0.2/sub-1034/anat/sub-1034_T1w.nii.gz,5
datasets/ds000202_R1.0.2/sub-1029/anat/sub-1029_T1w.nii.gz,5
datasets/ds000202_R1.0.2/sub-1038/anat/sub-1038_T1w.nii.gz,5
datasets/ds000202_R1.0.2/sub-1004/anat/sub-1004_T1w.nii.gz,5
datasets/ds000202_R1.0.2/sub-1084/anat/sub-1084_T1w.nii.gz,5
datasets/ds000202_R1.0.2/sub-1050/anat/sub-1050_T1w.nii.gz,5
datasets/ds000202_R1.0.2/sub-1023/anat/sub-1023_T1w.nii.gz,5
datasets/ds000202_R1.0.2/sub-1078/anat/sub-1078_T1w.nii.gz,5
datasets/ds000202_R1.0.2/sub-1040/anat/sub-1040_T1w.nii.gz,5
datasets/ds000202_R1.0.2/sub-1070/anat/sub-1070_T1w.nii.gz,5
datasets/ds000202_R1.0.2/sub-1026/anat/sub-1026_T1w.nii.gz,5
datasets/ds000202_R1.0.2/sub-1071/anat/sub-1071_T1w.nii.gz,5
datasets/ds000202_R1.0.2/sub-1089/anat/sub-1089_T1w.nii.gz,5
datasets/ds000202_R1.0.2/sub-1075/anat/sub-1075_T1w.nii.gz,5
datasets/ds000202_R1.0.2/sub-1018/anat/sub-1018_T1w.nii.gz,5
datasets/ds000202_R1.0.2/sub-1001/anat/sub-1001_T1w.nii.gz,5
datasets/ds000202_R1.0.2/sub-1039/anat/sub-1039_T1w.nii.gz,5
datasets/ds000202_R1.0.2/sub-1046/anat/sub-1046_T1w.nii.gz,5
datasets/ds000202_R1.0.2/sub-1011/anat/sub-1011_T1w.nii.gz,5
datasets/ds000202_R1.0.2/sub-1058/anat/sub-1058_T1w.nii.gz,5
datasets/ds000202_R1.0.2/sub-1015/anat/sub-1015_T1w.nii.gz,5
datasets/ds000202_R1.0.2/sub-1021/anat/sub-1021_T1w.nii.gz,5
datasets/ds000202_R1.0.2/sub-1020/anat/sub-1020_T1w.nii.gz,5
datasets/ds000202_R1.0.2/sub-1032/anat/sub-1032_T1w.nii.gz,5
datasets/ds000202_R1.0.2/sub-1013/anat/sub-1013_T1w.nii.gz,5
datasets/ds000202_R1.0.2/sub-1082/anat/sub-1082_T1w.nii.gz,5
datasets/ds000202_R1.0.2/sub-1069/anat/sub-1069_T1w.nii.gz,5
datasets/ds000202_R1.0.2/sub-1012/anat/sub-1012_T1w.nii.gz,5
datasets/ds000202_R1.0.2/sub-1072/anat/sub-1072_T1w.nii.gz,5
datasets/ds000202_R1.0.2/sub-1043/anat/sub-1043_T1w.nii.gz,5
datasets/ds000202_R1.0.2/sub-1080/anat/sub-1080_T1w.nii.gz,5
datasets/ds000202_R1.0.2/sub-1053/anat/sub-1053_T1w.nii.gz,5
datasets/ds000202_R1.0.2/sub-1063/anat/sub-1063_T1w.nii.gz,5
datasets/ds000202_R1.0.2/sub-1022/anat/sub-1022_T1w.nii.gz,5
datasets/ds000202_R1.0.2/sub-1041/anat/sub-1041_T1w.nii.gz,5
datasets/ds000202_R1.0.2/sub-1065/anat/sub-1065_T1w.nii.gz,5
datasets/ds000202_R1.0.2/sub-1030/anat/sub-1030_T1w.nii.gz,5
datasets/ds000202_R1.0.2/sub-1014/anat/sub-1014_T1w.nii.gz,5
datasets/ds000202_R1.0.2/sub-1083/anat/sub-1083_T1w.nii.gz,5
datasets/ds000202_R1.0.2/sub-1048/anat/sub-1048_T1w.nii.gz,5
datasets/ds000202_R1.0.2/sub-1045/anat/sub-1045_T1w.nii.gz,5
datasets/ds000202_R1.0.2/sub-1093/anat/sub-1093_T1w.nii.gz,5
datasets/ds000202_R1.0.2/sub-1076/anat/sub-1076_T1w.nii.gz,5
datasets/ds000202_R1.0.2/sub-1067/anat/sub-1067_T1w.nii.gz,5
datasets/ds000202_R1.0.2/sub-1088/anat/sub-1088_T1w.nii.gz,5
datasets/ds000202_R1.0.2/sub-1091/anat/sub-1091_T1w.nii.gz,5
datasets/ds000202_R1.0.2/sub-1059/anat/sub-1059_T1w.nii.gz,5
datasets/ds000202_R1.0.2/sub-1010/anat/sub-1010_T1w.nii.gz,5
datasets/ds000202_R1.0.2/sub-1087/anat/sub-1087_T1w.nii.gz,5
datasets/ds000202_R1.0.2/sub-1057/anat/sub-1057_T1w.nii.gz,5
datasets/ds000202_R1.0.2/sub-1068/anat/sub-1068_T1w.nii.gz,5
datasets/ds000202_R1.0.2/sub-1025/anat/sub-1025_T1w.nii.gz,5
datasets/ds000202_R1.0.2/sub-1052/anat/sub-1052_T1w.nii.gz,5
datasets/ds000202_R1.0.2/sub-1027/anat/sub-1027_T1w.nii.gz,5
datasets/ds000202_R1.0.2/sub-1009/anat/sub-1009_T1w.nii.gz,5
datasets/ds000202_R1.0.2/sub-1051/anat/sub-1051_T1w.nii.gz,5
datasets/ds000228_R1.0.1/sub-pixar063/anat/sub-pixar063_T1w.nii.gz,1
datasets/ds000228_R1.0.1/sub-pixar038/anat/sub-pixar038_T1w.nii.gz,1
datasets/ds000228_R1.0.1/sub-pixar124/anat/sub-pixar124_T1w.nii.gz,1
datasets/ds000228_R1.0.1/sub-pixar132/anat/sub-pixar132_T1w.nii.gz,1
datasets/ds000228_R1.0.1/sub-pixar059/anat/sub-pixar059_T1w.nii.gz,1
datasets/ds000228_R1.0.1/sub-pixar098/anat/sub-pixar098_T1w.nii.gz,1
datasets/ds000228_R1.0.1/sub-pixar150/anat/sub-pixar150_T1w.nii.gz,1
datasets/ds000228_R1.0.1/sub-pixar019/anat/sub-pixar019_T1w.nii.gz,1
datasets/ds000228_R1.0.1/sub-pixar155/anat/sub-pixar155_T1w.nii.gz,1
datasets/ds000228_R1.0.1/sub-pixar027/anat/sub-pixar027_T1w.nii.gz,1
datasets/ds000228_R1.0.1/sub-pixar086/anat/sub-pixar086_T1w.nii.gz,1
datasets/ds000228_R1.0.1/sub-pixar057/anat/sub-pixar057_T1w.nii.gz,1
datasets/ds000228_R1.0.1/sub-pixar081/anat/sub-pixar081_T1w.nii.gz,1
datasets/ds000228_R1.0.1/sub-pixar072/anat/sub-pixar072_T1w.nii.gz,1
datasets/ds000228_R1.0.1/sub-pixar011/anat/sub-pixar011_T1w.nii.gz,1
datasets/ds000228_R1.0.1/sub-pixar040/anat/sub-pixar040_T1w.nii.gz,1
datasets/ds000228_R1.0.1/sub-pixar004/anat/sub-pixar004_T1w.nii.gz,1
datasets/ds000228_R1.0.1/sub-pixar015/anat/sub-pixar015_T1w.nii.gz,1
datasets/ds000228_R1.0.1/sub-pixar078/anat/sub-pixar078_T1w.nii.gz,1
datasets/ds000228_R1.0.1/sub-pixar135/anat/sub-pixar135_T1w.nii.gz,1
datasets/ds000228_R1.0.1/sub-pixar130/anat/sub-pixar130_T1w.nii.gz,1
datasets/ds000228_R1.0.1/sub-pixar067/anat/sub-pixar067_T1w.nii.gz,1
datasets/ds000228_R1.0.1/sub-pixar062/anat/sub-pixar062_T1w.nii.gz,1
datasets/ds000228_R1.0.1/sub-pixar152/anat/sub-pixar152_T1w.nii.gz,1
datasets/ds000228_R1.0.1/sub-pixar075/anat/sub-pixar075_T1w.nii.gz,1
datasets/ds000228_R1.0.1/sub-pixar025/anat/sub-pixar025_T1w.nii.gz,1
datasets/ds000228_R1.0.1/sub-pixar123/anat/sub-pixar123_T1w.nii.gz,1
datasets/ds000228_R1.0.1/sub-pixar073/anat/sub-pixar073_T1w.nii.gz,1
datasets/ds000228_R1.0.1/sub-pixar143/anat/sub-pixar143_T1w.nii.gz,1
datasets/ds000228_R1.0.1/sub-pixar142/anat/sub-pixar142_T1w.nii.gz,1
datasets/ds000228_R1.0.1/sub-pixar148/anat/sub-pixar148_T1w.nii.gz,1
datasets/ds000228_R1.0.1/sub-pixar047/anat/sub-pixar047_T1w.nii.gz,1
datasets/ds000228_R1.0.1/sub-pixar010/anat/sub-pixar010_T1w.nii.gz,1
datasets/ds000228_R1.0.1/sub-pixar102/anat/sub-pixar102_T1w.nii.gz,1
datasets/ds000228_R1.0.1/sub-pixar009/anat/sub-pixar009_T1w.nii.gz,1
datasets/ds000228_R1.0.1/sub-pixar080/anat/sub-pixar080_T1w.nii.gz,1
datasets/ds000228_R1.0.1/sub-pixar028/anat/sub-pixar028_T1w.nii.gz,1
datasets/ds000228_R1.0.1/sub-pixar127/anat/sub-pixar127_T1w.nii.gz,1
datasets/ds000228_R1.0.1/sub-pixar145/anat/sub-pixar145_T1w.nii.gz,1
datasets/ds000228_R1.0.1/sub-pixar033/anat/sub-pixar033_T1w.nii.gz,1
datasets/ds000228_R1.0.1/sub-pixar068/anat/sub-pixar068_T1w.nii.gz,1
datasets/ds000228_R1.0.1/sub-pixar128/anat/sub-pixar128_T1w.nii.gz,1
datasets/ds000228_R1.0.1/sub-pixar003/anat/sub-pixar003_T1w.nii.gz,1
datasets/ds000228_R1.0.1/sub-pixar056/anat/sub-pixar056_T1w.nii.gz,1
datasets/ds000228_R1.0.1/sub-pixar024/anat/sub-pixar024_T1w.nii.gz,1
datasets/ds000228_R1.0.1/sub-pixar112/anat/sub-pixar112_T1w.nii.gz,1
datasets/ds000228_R1.0.1/sub-pixar005/anat/sub-pixar005_T1w.nii.gz,1
datasets/ds000228_R1.0.1/sub-pixar101/anat/sub-pixar101_T1w.nii.gz,1
datasets/ds000228_R1.0.1/sub-pixar097/anat/sub-pixar097_T1w.nii.gz,1
datasets/ds000228_R1.0.1/sub-pixar115/anat/sub-pixar115_T1w.nii.gz,1
datasets/ds000228_R1.0.1/sub-pixar012/anat/sub-pixar012_T1w.nii.gz,1
datasets/ds000228_R1.0.1/sub-pixar107/anat/sub-pixar107_T1w.nii.gz,1
datasets/ds000228_R1.0.1/sub-pixar060/anat/sub-pixar060_T1w.nii.gz,1
datasets/ds000228_R1.0.1/sub-pixar083/anat/sub-pixar083_T1w.nii.gz,1
datasets/ds000228_R1.0.1/sub-pixar125/anat/sub-pixar125_T1w.nii.gz,1
datasets/ds000228_R1.0.1/sub-pixar070/anat/sub-pixar070_T1w.nii.gz,1
datasets/ds000228_R1.0.1/sub-pixar114/anat/sub-pixar114_T1w.nii.gz,1
datasets/ds000228_R1.0.1/sub-pixar131/anat/sub-pixar131_T1w.nii.gz,1
datasets/ds000228_R1.0.1/sub-pixar014/anat/sub-pixar014_T1w.nii.gz,1
datasets/ds000228_R1.0.1/sub-pixar094/anat/sub-pixar094_T1w.nii.gz,1
datasets/ds000228_R1.0.1/sub-pixar023/anat/sub-pixar023_T1w.nii.gz,1
datasets/ds000228_R1.0.1/sub-pixar144/anat/sub-pixar144_T1w.nii.gz,1
datasets/ds000228_R1.0.1/sub-pixar079/anat/sub-pixar079_T1w.nii.gz,1
datasets/ds000228_R1.0.1/sub-pixar151/anat/sub-pixar151_T1w.nii.gz,1
datasets/ds000228_R1.0.1/sub-pixar016/anat/sub-pixar016_T1w.nii.gz,1
datasets/ds000228_R1.0.1/sub-pixar001/anat/sub-pixar001_T1w.nii.gz,1
datasets/ds000228_R1.0.1/sub-pixar136/anat/sub-pixar136_T1w.nii.gz,1
datasets/ds000228_R1.0.1/sub-pixar082/anat/sub-pixar082_T1w.nii.gz,1
datasets/ds000228_R1.0.1/sub-pixar088/anat/sub-pixar088_T1w.nii.gz,1
datasets/ds000228_R1.0.1/sub-pixar096/anat/sub-pixar096_T1w.nii.gz,1
datasets/ds000228_R1.0.1/sub-pixar140/anat/sub-pixar140_T1w.nii.gz,1
datasets/ds000228_R1.0.1/sub-pixar133/anat/sub-pixar133_T1w.nii.gz,1
datasets/ds000228_R1.0.1/sub-pixar105/anat/sub-pixar105_T1w.nii.gz,1
datasets/ds000228_R1.0.1/sub-pixar111/anat/sub-pixar111_T1w.nii.gz,1
datasets/ds000228_R1.0.1/sub-pixar110/anat/sub-pixar110_T1w.nii.gz,1
datasets/ds000228_R1.0.1/sub-pixar122/anat/sub-pixar122_T1w.nii.gz,1
datasets/ds000228_R1.0.1/sub-pixar043/anat/sub-pixar043_T1w.nii.gz,1
datasets/ds000228_R1.0.1/sub-pixar095/anat/sub-pixar095_T1w.nii.gz,1
datasets/ds000228_R1.0.1/sub-pixar007/anat/sub-pixar007_T1w.nii.gz,1
datasets/ds000228_R1.0.1/sub-pixar020/anat/sub-pixar020_T1w.nii.gz,1
datasets/ds000228_R1.0.1/sub-pixar058/anat/sub-pixar058_T1w.nii.gz,1
datasets/ds000228_R1.0.1/sub-pixar126/anat/sub-pixar126_T1w.nii.gz,1
datasets/ds000228_R1.0.1/sub-pixar029/anat/sub-pixar029_T1w.nii.gz,1
datasets/ds000228_R1.0.1/sub-pixar032/anat/sub-pixar032_T1w.nii.gz,1
datasets/ds000228_R1.0.1/sub-pixar139/anat/sub-pixar139_T1w.nii.gz,1
datasets/ds000228_R1.0.1/sub-pixar048/anat/sub-pixar048_T1w.nii.gz,1
datasets/ds000228_R1.0.1/sub-pixar106/anat/sub-pixar106_T1w.nii.gz,1
datasets/ds000228_R1.0.1/sub-pixar002/anat/sub-pixar002_T1w.nii.gz,1
datasets/ds000228_R1.0.1/sub-pixar017/anat/sub-pixar017_T1w.nii.gz,1
datasets/ds000228_R1.0.1/sub-pixar093/anat/sub-pixar093_T1w.nii.gz,1
datasets/ds000228_R1.0.1/sub-pixar090/anat/sub-pixar090_T1w.nii.gz,1
datasets/ds000228_R1.0.1/sub-pixar064/anat/sub-pixar064_T1w.nii.gz,1
datasets/ds000228_R1.0.1/sub-pixar049/anat/sub-pixar049_T1w.nii.gz,1
datasets/ds000228_R1.0.1/sub-pixar137/anat/sub-pixar137_T1w.nii.gz,1
datasets/ds000228_R1.0.1/sub-pixar134/anat/sub-pixar134_T1w.nii.gz,1
datasets/ds000228_R1.0.1/sub-pixar076/anat/sub-pixar076_T1w.nii.gz,1
datasets/ds000228_R1.0.1/sub-pixar054/anat/sub-pixar054_T1w.nii.gz,1
datasets/ds000228_R1.0.1/sub-pixar109/anat/sub-pixar109_T1w.nii.gz,1
datasets/ds000228_R1.0.1/sub-pixar042/anat/sub-pixar042_T1w.nii.gz,1
datasets/ds000228_R1.0.1/sub-pixar050/anat/sub-pixar050_T1w.nii.gz,1
datasets/ds000228_R1.0.1/sub-pixar147/anat/sub-pixar147_T1w.nii.gz,1
datasets/ds000228_R1.0.1/sub-pixar084/anat/sub-pixar084_T1w.nii.gz,1
datasets/ds000228_R1.0.1/sub-pixar026/anat/sub-pixar026_T1w.nii.gz,1
datasets/ds000228_R1.0.1/sub-pixar018/anat/sub-pixar018_T1w.nii.gz,1
datasets/ds000228_R1.0.1/sub-pixar036/anat/sub-pixar036_T1w.nii.gz,1
datasets/ds000228_R1.0.1/sub-pixar006/anat/sub-pixar006_T1w.nii.gz,1
datasets/ds000228_R1.0.1/sub-pixar021/anat/sub-pixar021_T1w.nii.gz,1
datasets/ds000228_R1.0.1/sub-pixar034/anat/sub-pixar034_T1w.nii.gz,1
datasets/ds000228_R1.0.1/sub-pixar103/anat/sub-pixar103_T1w.nii.gz,1
datasets/ds000228_R1.0.1/sub-pixar069/anat/sub-pixar069_T1w.nii.gz,1
datasets/ds000228_R1.0.1/sub-pixar053/anat/sub-pixar053_T1w.nii.gz,1
datasets/ds000228_R1.0.1/sub-pixar045/anat/sub-pixar045_T1w.nii.gz,1
datasets/ds000228_R1.0.1/sub-pixar013/anat/sub-pixar013_T1w.nii.gz,1
datasets/ds000228_R1.0.1/sub-pixar154/anat/sub-pixar154_T1w.nii.gz,1
datasets/ds000228_R1.0.1/sub-pixar129/anat/sub-pixar129_T1w.nii.gz,1
datasets/ds000228_R1.0.1/sub-pixar044/anat/sub-pixar044_T1w.nii.gz,1
datasets/ds000228_R1.0.1/sub-pixar077/anat/sub-pixar077_T1w.nii.gz,1
datasets/ds000228_R1.0.1/sub-pixar099/anat/sub-pixar099_T1w.nii.gz,1
datasets/ds000228_R1.0.1/sub-pixar118/anat/sub-pixar118_T1w.nii.gz,1
datasets/ds000228_R1.0.1/sub-pixar008/anat/sub-pixar008_T1w.nii.gz,1
datasets/ds000228_R1.0.1/sub-pixar117/anat/sub-pixar117_T1w.nii.gz,1
datasets/ds000228_R1.0.1/sub-pixar146/anat/sub-pixar146_T1w.nii.gz,1
datasets/ds000228_R1.0.1/sub-pixar046/anat/sub-pixar046_T1w.nii.gz,1
datasets/ds000228_R1.0.1/sub-pixar104/anat/sub-pixar104_T1w.nii.gz,1
datasets/ds000228_R1.0.1/sub-pixar138/anat/sub-pixar138_T1w.nii.gz,1
datasets/ds000228_R1.0.1/sub-pixar052/anat/sub-pixar052_T1w.nii.gz,1
datasets/ds000228_R1.0.1/sub-pixar085/anat/sub-pixar085_T1w.nii.gz,1
datasets/ds000228_R1.0.1/sub-pixar119/anat/sub-pixar119_T1w.nii.gz,1
datasets/ds000228_R1.0.1/sub-pixar051/anat/sub-pixar051_T1w.nii.gz,1
datasets/ds000228_R1.0.1/sub-pixar089/anat/sub-pixar089_T1w.nii.gz,1
datasets/ds000228_R1.0.1/sub-pixar074/anat/sub-pixar074_T1w.nii.gz,1
datasets/ds000228_R1.0.1/sub-pixar035/anat/sub-pixar035_T1w.nii.gz,1
datasets/ds000228_R1.0.1/sub-pixar153/anat/sub-pixar153_T1w.nii.gz,1
datasets/ds000228_R1.0.1/sub-pixar120/anat/sub-pixar120_T1w.nii.gz,1
datasets/ds000228_R1.0.1/sub-pixar071/anat/sub-pixar071_T1w.nii.gz,1
datasets/ds000228_R1.0.1/sub-pixar030/anat/sub-pixar030_T1w.nii.gz,1
datasets/ds000228_R1.0.1/sub-pixar039/anat/sub-pixar039_T1w.nii.gz,1
datasets/ds000228_R1.0.1/sub-pixar100/anat/sub-pixar100_T1w.nii.gz,1
datasets/ds000228_R1.0.1/sub-pixar116/anat/sub-pixar116_T1w.nii.gz,1
datasets/ds000228_R1.0.1/sub-pixar037/anat/sub-pixar037_T1w.nii.gz,1
datasets/ds000228_R1.0.1/sub-pixar113/anat/sub-pixar113_T1w.nii.gz,1
datasets/ds000228_R1.0.1/sub-pixar066/anat/sub-pixar066_T1w.nii.gz,1
datasets/ds000228_R1.0.1/sub-pixar065/anat/sub-pixar065_T1w.nii.gz,1
datasets/ds000228_R1.0.1/sub-pixar031/anat/sub-pixar031_T1w.nii.gz,1
datasets/ds000228_R1.0.1/sub-pixar055/anat/sub-pixar055_T1w.nii.gz,1
datasets/ds000228_R1.0.1/sub-pixar121/anat/sub-pixar121_T1w.nii.gz,1
datasets/ds000228_R1.0.1/sub-pixar092/anat/sub-pixar092_T1w.nii.gz,1
datasets/ds000228_R1.0.1/sub-pixar022/anat/sub-pixar022_T1w.nii.gz,1
datasets/ds000228_R1.0.1/sub-pixar108/anat/sub-pixar108_T1w.nii.gz,1
datasets/ds000228_R1.0.1/sub-pixar061/anat/sub-pixar061_T1w.nii.gz,1
datasets/ds000228_R1.0.1/sub-pixar041/anat/sub-pixar041_T1w.nii.gz,1
datasets/ds000228_R1.0.1/sub-pixar087/anat/sub-pixar087_T1w.nii.gz,1
datasets/ds000228_R1.0.1/sub-pixar091/anat/sub-pixar091_T1w.nii.gz,1
datasets/ds000228_R1.0.1/sub-pixar149/anat/sub-pixar149_T1w.nii.gz,1
datasets/ds000228_R1.0.1/sub-pixar141/anat/sub-pixar141_T1w.nii.gz,1
datasets/ds000243_R1.0.0/sub-023/anat/sub-023_T1w.nii.gz,2
datasets/ds000243_R1.0.0/sub-084/anat/sub-084_T1w.nii.gz,2
datasets/ds000243_R1.0.0/sub-009/anat/sub-009_T1w.nii.gz,2
datasets/ds000243_R1.0.0/sub-039/anat/sub-039_T1w.nii.gz,2
datasets/ds000243_R1.0.0/sub-085/anat/sub-085_T1w.nii.gz,2
datasets/ds000243_R1.0.0/sub-101/anat/sub-101_T1w.nii.gz,2
datasets/ds000243_R1.0.0/sub-053/anat/sub-053_T1w.nii.gz,2
datasets/ds000243_R1.0.0/sub-081/anat/sub-081_T1w.nii.gz,2
datasets/ds000243_R1.0.0/sub-100/anat/sub-100_T1w.nii.gz,2
datasets/ds000243_R1.0.0/sub-044/anat/sub-044_T1w.nii.gz,2
datasets/ds000243_R1.0.0/sub-043/anat/sub-043_T1w.nii.gz,2
datasets/ds000243_R1.0.0/sub-050/anat/sub-050_T1w.nii.gz,2
datasets/ds000243_R1.0.0/sub-008/anat/sub-008_T1w.nii.gz,2
datasets/ds000243_R1.0.0/sub-026/anat/sub-026_T1w.nii.gz,2
datasets/ds000243_R1.0.0/sub-010/anat/sub-010_T1w.nii.gz,2
datasets/ds000243_R1.0.0/sub-052/anat/sub-052_T1w.nii.gz,2
datasets/ds000243_R1.0.0/sub-027/anat/sub-027_T1w.nii.gz,2
datasets/ds000243_R1.0.0/sub-070/anat/sub-070_T1w.nii.gz,2
datasets/ds000243_R1.0.0/sub-033/anat/sub-033_T1w.nii.gz,2
datasets/ds000243_R1.0.0/sub-083/anat/sub-083_T1w.nii.gz,2
datasets/ds000243_R1.0.0/sub-036/anat/sub-036_T1w.nii.gz,2
datasets/ds000243_R1.0.0/sub-076/anat/sub-076_T1w.nii.gz,2
datasets/ds000243_R1.0.0/sub-087/anat/sub-087_T1w.nii.gz,2
datasets/ds000243_R1.0.0/sub-103/anat/sub-103_T1w.nii.gz,2
datasets/ds000243_R1.0.0/sub-099/anat/sub-099_T1w.nii.gz,2
datasets/ds000243_R1.0.0/sub-097/anat/sub-097_T1w.nii.gz,2
datasets/ds000243_R1.0.0/sub-090/anat/sub-090_T1w.nii.gz,2
datasets/ds000243_R1.0.0/sub-055/anat/sub-055_T1w.nii.gz,2
datasets/ds000243_R1.0.0/sub-098/anat/sub-098_T1w.nii.gz,2
datasets/ds000243_R1.0.0/sub-030/anat/sub-030_T1w.nii.gz,2
datasets/ds000243_R1.0.0/sub-095/anat/sub-095_T1w.nii.gz,2
datasets/ds000243_R1.0.0/sub-059/anat/sub-059_T1w.nii.gz,2
datasets/ds000243_R1.0.0/sub-068/anat/sub-068_T1w.nii.gz,2
datasets/ds000243_R1.0.0/sub-069/anat/sub-069_T1w.nii.gz,2
datasets/ds000243_R1.0.0/sub-013/anat/sub-013_T1w.nii.gz,2
datasets/ds000243_R1.0.0/sub-038/anat/sub-038_T1w.nii.gz,2
datasets/ds000243_R1.0.0/sub-049/anat/sub-049_T1w.nii.gz,2
datasets/ds000243_R1.0.0/sub-108/anat/sub-108_T1w.nii.gz,2
datasets/ds000243_R1.0.0/sub-073/anat/sub-073_T1w.nii.gz,2
datasets/ds000243_R1.0.0/sub-034/anat/sub-034_T1w.nii.gz,2
datasets/ds000243_R1.0.0/sub-086/anat/sub-086_T1w.nii.gz,2
datasets/ds000243_R1.0.0/sub-056/anat/sub-056_T1w.nii.gz,2
datasets/ds000243_R1.0.0/sub-113/anat/sub-113_T1w.nii.gz,2
datasets/ds000243_R1.0.0/sub-094/anat/sub-094_T1w.nii.gz,2
datasets/ds000243_R1.0.0/sub-089/anat/sub-089_T1w.nii.gz,2
datasets/ds000243_R1.0.0/sub-120/anat/sub-120_T1w.nii.gz,2
datasets/ds000243_R1.0.0/sub-051/anat/sub-051_T1w.nii.gz,2
datasets/ds000243_R1.0.0/sub-018/anat/sub-018_T1w.nii.gz,2
datasets/ds000243_R1.0.0/sub-114/anat/sub-114_T1w.nii.gz,2
datasets/ds000243_R1.0.0/sub-057/anat/sub-057_T1w.nii.gz,2
datasets/ds000243_R1.0.0/sub-116/anat/sub-116_T1w.nii.gz,2
datasets/ds000243_R1.0.0/sub-102/anat/sub-102_T1w.nii.gz,2
datasets/ds000243_R1.0.0/sub-075/anat/sub-075_T1w.nii.gz,2
datasets/ds000243_R1.0.0/sub-002/anat/sub-002_T1w.nii.gz,2
datasets/ds000243_R1.0.0/sub-028/anat/sub-028_T1w.nii.gz,2
datasets/ds000243_R1.0.0/sub-040/anat/sub-040_T1w.nii.gz,2
datasets/ds000243_R1.0.0/sub-110/anat/sub-110_T1w.nii.gz,2
datasets/ds000243_R1.0.0/sub-065/anat/sub-065_T1w.nii.gz,2
datasets/ds000243_R1.0.0/sub-080/anat/sub-080_T1w.nii.gz,2
datasets/ds000243_R1.0.0/sub-074/anat/sub-074_T1w.nii.gz,2
datasets/ds000243_R1.0.0/sub-071/anat/sub-071_T1w.nii.gz,2
datasets/ds000243_R1.0.0/sub-003/anat/sub-003_T1w.nii.gz,2
datasets/ds000243_R1.0.0/sub-117/anat/sub-117_T1w.nii.gz,2
datasets/ds000243_R1.0.0/sub-063/anat/sub-063_T1w.nii.gz,2
datasets/ds000243_R1.0.0/sub-067/anat/sub-067_T1w.nii.gz,2
datasets/ds000243_R1.0.0/sub-064/anat/sub-064_T1w.nii.gz,2
datasets/ds000243_R1.0.0/sub-058/anat/sub-058_T1w.nii.gz,2
datasets/ds000243_R1.0.0/sub-042/anat/sub-042_T1w.nii.gz,2
datasets/ds000243_R1.0.0/sub-022/anat/sub-022_T1w.nii.gz,2
datasets/ds000243_R1.0.0/sub-111/anat/sub-111_T1w.nii.gz,2
datasets/ds000243_R1.0.0/sub-088/anat/sub-088_T1w.nii.gz,2
datasets/ds000243_R1.0.0/sub-024/anat/sub-024_T1w.nii.gz,2
datasets/ds000243_R1.0.0/sub-015/anat/sub-015_T1w.nii.gz,2
datasets/ds000243_R1.0.0/sub-021/anat/sub-021_T1w.nii.gz,2
datasets/ds000243_R1.0.0/sub-025/anat/sub-025_T1w.nii.gz,2
datasets/ds000243_R1.0.0/sub-092/anat/sub-092_T1w.nii.gz,2
datasets/ds000243_R1.0.0/sub-016/anat/sub-016_T1w.nii.gz,2
datasets/ds000243_R1.0.0/sub-029/anat/sub-029_T1w.nii.gz,2
datasets/ds000243_R1.0.0/sub-078/anat/sub-078_T1w.nii.gz,2
datasets/ds000243_R1.0.0/sub-047/anat/sub-047_T1w.nii.gz,2
datasets/ds000243_R1.0.0/sub-107/anat/sub-107_T1w.nii.gz,2
datasets/ds000243_R1.0.0/sub-019/anat/sub-019_T1w.nii.gz,2
datasets/ds000243_R1.0.0/sub-001/anat/sub-001_T1w.nii.gz,2
datasets/ds000243_R1.0.0/sub-032/anat/sub-032_T1w.nii.gz,2
datasets/ds000243_R1.0.0/sub-017/anat/sub-017_T1w.nii.gz,2
datasets/ds000243_R1.0.0/sub-062/anat/sub-062_T1w.nii.gz,2
datasets/ds000243_R1.0.0/sub-093/anat/sub-093_T1w.nii.gz,2
datasets/ds000243_R1.0.0/sub-079/anat/sub-079_T1w.nii.gz,2
datasets/ds000243_R1.0.0/sub-046/anat/sub-046_T1w.nii.gz,2
datasets/ds000243_R1.0.0/sub-054/anat/sub-054_T1w.nii.gz,2
datasets/ds000243_R1.0.0/sub-077/anat/sub-077_T1w.nii.gz,2
datasets/ds000243_R1.0.0/sub-105/anat/sub-105_T1w.nii.gz,2
datasets/ds000243_R1.0.0/sub-014/anat/sub-014_T1w.nii.gz,2
datasets/ds000243_R1.0.0/sub-011/anat/sub-011_T1w.nii.gz,2
datasets/ds000243_R1.0.0/sub-041/anat/sub-041_T1w.nii.gz,2
datasets/ds000243_R1.0.0/sub-006/anat/sub-006_T1w.nii.gz,2
datasets/ds000243_R1.0.0/sub-035/anat/sub-035_T1w.nii.gz,2
datasets/ds000243_R1.0.0/sub-112/anat/sub-112_T1w.nii.gz,2
datasets/ds000243_R1.0.0/sub-020/anat/sub-020_T1w.nii.gz,2
datasets/ds000243_R1.0.0/sub-082/anat/sub-082_T1w.nii.gz,2
datasets/ds000243_R1.0.0/sub-118/anat/sub-118_T1w.nii.gz,2
datasets/ds000243_R1.0.0/sub-119/anat/sub-119_T1w.nii.gz,2
datasets/ds000243_R1.0.0/sub-106/anat/sub-106_T1w.nii.gz,2
datasets/ds000243_R1.0.0/sub-109/anat/sub-109_T1w.nii.gz,2
datasets/ds000243_R1.0.0/sub-066/anat/sub-066_T1w.nii.gz,2
datasets/ds000243_R1.0.0/sub-115/anat/sub-115_T1w.nii.gz,2
datasets/ds000243_R1.0.0/sub-007/anat/sub-007_T1w.nii.gz,2
datasets/ds000243_R1.0.0/sub-037/anat/sub-037_T1w.nii.gz,2
datasets/ds000243_R1.0.0/sub-104/anat/sub-104_T1w.nii.gz,2
datasets/ds000243_R1.0.0/sub-004/anat/sub-004_T1w.nii.gz,2
datasets/ds000243_R1.0.0/sub-072/anat/sub-072_T1w.nii.gz,2
datasets/ds000243_R1.0.0/sub-096/anat/sub-096_T1w.nii.gz,2
datasets/ds000243_R1.0.0/sub-048/anat/sub-048_T1w.nii.gz,2
datasets/ds000243_R1.0.0/sub-060/anat/sub-060_T1w.nii.gz,2
datasets/ds000243_R1.0.0/sub-045/anat/sub-045_T1w.nii.gz,2
datasets/ds000243_R1.0.0/sub-012/anat/sub-012_T1w.nii.gz,2
datasets/ds000243_R1.0.0/sub-091/anat/sub-091_T1w.nii.gz,2
datasets/ds000243_R1.0.0/sub-005/anat/sub-005_T1w.nii.gz,2
datasets/ds000243_R1.0.0/sub-031/anat/sub-031_T1w.nii.gz,2
datasets/ds000243_R1.0.0/sub-061/anat/sub-061_T1w.nii.gz,2
datasets/ds000258_R1.0.0/sub-21656/anat/sub-21656_T1w.nii.gz,2
datasets/ds000258_R1.0.0/sub-21317/anat/sub-21317_T1w.nii.gz,2
datasets/ds000258_R1.0.0/sub-16053/anat/sub-16053_T1w.nii.gz,2
datasets/ds000258_R1.0.0/sub-21611/anat/sub-21611_T1w.nii.gz,2
datasets/ds000258_R1.0.0/sub-21126/anat/sub-21126_T1w.nii.gz,2
datasets/ds000258_R1.0.0/sub-20983/anat/sub-20983_T1w.nii.gz,2
datasets/ds000258_R1.0.0/sub-21215/anat/sub-21215_T1w.nii.gz,2
datasets/ds000258_R1.0.0/sub-21456/anat/sub-21456_T1w.nii.gz,2
datasets/ds000258_R1.0.0/sub-20976/anat/sub-20976_T1w.nii.gz,2
datasets/ds000258_R1.0.0/sub-21305/anat/sub-21305_T1w.nii.gz,2
datasets/ds000258_R1.0.0/sub-21124/anat/sub-21124_T1w.nii.gz,2
datasets/ds000258_R1.0.0/sub-17821/anat/sub-17821_T1w.nii.gz,2
datasets/ds000258_R1.0.0/sub-21262/anat/sub-21262_T1w.nii.gz,2
datasets/ds000258_R1.0.0/sub-21657/anat/sub-21657_T1w.nii.gz,2
datasets/ds000258_R1.0.0/sub-21127/anat/sub-21127_T1w.nii.gz,2
datasets/ds000258_R1.0.0/sub-20859/anat/sub-20859_T1w.nii.gz,2
datasets/ds000258_R1.0.0/sub-21646/anat/sub-21646_T1w.nii.gz,2
datasets/ds000258_R1.0.0/sub-21283/anat/sub-21283_T1w.nii.gz,2
datasets/ds000258_R1.0.0/sub-20893/anat/sub-20893_T1w.nii.gz,2
datasets/ds000258_R1.0.0/sub-21645/anat/sub-21645_T1w.nii.gz,2
datasets/ds000258_R1.0.0/sub-21193/anat/sub-21193_T1w.nii.gz,2
datasets/ds000258_R1.0.0/sub-20861/anat/sub-20861_T1w.nii.gz,2
datasets/ds000258_R1.0.0/sub-20950/anat/sub-20950_T1w.nii.gz,2
datasets/ds000258_R1.0.0/sub-21452/anat/sub-21452_T1w.nii.gz,2
datasets/ds000258_R1.0.0/sub-21260/anat/sub-21260_T1w.nii.gz,2
datasets/ds000258_R1.0.0/sub-21448/anat/sub-21448_T1w.nii.gz,2
datasets/ds000258_R1.0.0/sub-21300/anat/sub-21300_T1w.nii.gz,2
datasets/ds000258_R1.0.0/sub-20984/anat/sub-20984_T1w.nii.gz,2
datasets/ds000258_R1.0.0/sub-20450/anat/sub-20450_T1w.nii.gz,2
datasets/ds000258_R1.0.0/sub-20823/anat/sub-20823_T1w.nii.gz,2
datasets/ds000258_R1.0.0/sub-21449/anat/sub-21449_T1w.nii.gz,2
datasets/ds000258_R1.0.0/sub-21652/anat/sub-21652_T1w.nii.gz,2
datasets/ds000258_R1.0.0/sub-21304/anat/sub-21304_T1w.nii.gz,2
datasets/ds000258_R1.0.0/sub-20860/anat/sub-20860_T1w.nii.gz,2
datasets/ds000258_R1.0.0/sub-12599/anat/sub-12599_T1w.nii.gz,2
datasets/ds000258_R1.0.0/sub-21324/anat/sub-21324_T1w.nii.gz,2
datasets/ds000258_R1.0.0/sub-20932/anat/sub-20932_T1w.nii.gz,2
datasets/ds000258_R1.0.0/sub-20094/anat/sub-20094_T1w.nii.gz,2
datasets/ds000258_R1.0.0/sub-21453/anat/sub-21453_T1w.nii.gz,2
datasets/ds000258_R1.0.0/sub-20892/anat/sub-20892_T1w.nii.gz,2
datasets/ds000258_R1.0.0/sub-19979/anat/sub-19979_T1w.nii.gz,2
datasets/ds000258_R1.0.0/sub-21252/anat/sub-21252_T1w.nii.gz,2
datasets/ds000258_R1.0.0/sub-21116/anat/sub-21116_T1w.nii.gz,2
datasets/ds000258_R1.0.0/sub-21279/anat/sub-21279_T1w.nii.gz,2
datasets/ds000258_R1.0.0/sub-20408/anat/sub-20408_T1w.nii.gz,2
datasets/ds000258_R1.0.0/sub-20409/anat/sub-20409_T1w.nii.gz,2
datasets/ds000258_R1.0.0/sub-21384/anat/sub-21384_T1w.nii.gz,2
datasets/ds000258_R1.0.0/sub-21318/anat/sub-21318_T1w.nii.gz,2
datasets/ds000258_R1.0.0/sub-21258/anat/sub-21258_T1w.nii.gz,2
datasets/ds000258_R1.0.0/sub-21256/anat/sub-21256_T1w.nii.gz,2
datasets/ds000258_R1.0.0/sub-19943/anat/sub-19943_T1w.nii.gz,2
datasets/ds000258_R1.0.0/sub-04800/anat/sub-04800_T1w.nii.gz,2
datasets/ds000258_R1.0.0/sub-20494/anat/sub-20494_T1w.nii.gz,2
datasets/ds000258_R1.0.0/sub-04710/anat/sub-04710_T1w.nii.gz,2
datasets/ds000258_R1.0.0/sub-21658/anat/sub-21658_T1w.nii.gz,2
datasets/ds000258_R1.0.0/sub-20824/anat/sub-20824_T1w.nii.gz,2
datasets/ds000258_R1.0.0/sub-20835/anat/sub-20835_T1w.nii.gz,2
datasets/ds000258_R1.0.0/sub-21371/anat/sub-21371_T1w.nii.gz,2
datasets/ds000258_R1.0.0/sub-20862/anat/sub-20862_T1w.nii.gz,2
datasets/ds000258_R1.0.0/sub-21277/anat/sub-21277_T1w.nii.gz,2
datasets/ds000258_R1.0.0/sub-20946/anat/sub-20946_T1w.nii.gz,2
datasets/ds000258_R1.0.0/sub-21270/anat/sub-21270_T1w.nii.gz,2
datasets/ds000258_R1.0.0/sub-21644/anat/sub-21644_T1w.nii.gz,2
datasets/ds000258_R1.0.0/sub-11310/anat/sub-11310_T1w.nii.gz,2
datasets/ds000258_R1.0.0/sub-20907/anat/sub-20907_T1w.nii.gz,2
datasets/ds000258_R1.0.0/sub-20863/anat/sub-20863_T1w.nii.gz,2
datasets/ds000258_R1.0.0/sub-19774/anat/sub-19774_T1w.nii.gz,2
datasets/ds000258_R1.0.0/sub-21306/anat/sub-21306_T1w.nii.gz,2
datasets/ds000258_R1.0.0/sub-21641/anat/sub-21641_T1w.nii.gz,2
datasets/ds000258_R1.0.0/sub-21273/anat/sub-21273_T1w.nii.gz,2
datasets/ds000258_R1.0.0/sub-04620/anat/sub-04620_T1w.nii.gz,2
datasets/ds000258_R1.0.0/sub-21254/anat/sub-21254_T1w.nii.gz,2
datasets/ds000258_R1.0.0/sub-21253/anat/sub-21253_T1w.nii.gz,2
datasets/ds000258_R1.0.0/sub-20407/anat/sub-20407_T1w.nii.gz,2
datasets/ds000258_R1.0.0/sub-21278/anat/sub-21278_T1w.nii.gz,2
datasets/ds000258_R1.0.0/sub-21302/anat/sub-21302_T1w.nii.gz,2
datasets/ds000258_R1.0.0/sub-21187/anat/sub-21187_T1w.nii.gz,2
datasets/ds000258_R1.0.0/sub-21036/anat/sub-21036_T1w.nii.gz,2
datasets/ds000258_R1.0.0/sub-20864/anat/sub-20864_T1w.nii.gz,2
datasets/ds000258_R1.0.0/sub-20758/anat/sub-20758_T1w.nii.gz,2
datasets/ds000258_R1.0.0/sub-19284/anat/sub-19284_T1w.nii.gz,2
datasets/ds000258_R1.0.0/sub-21281/anat/sub-21281_T1w.nii.gz,2
datasets/ds000258_R1.0.0/sub-04570/anat/sub-04570_T1w.nii.gz,2
datasets/ds000258_R1.0.0/sub-20847/anat/sub-20847_T1w.nii.gz,2
datasets/ds000258_R1.0.0/sub-20851/anat/sub-20851_T1w.nii.gz,2
datasets/ds000258_R1.0.0/sub-20462/anat/sub-20462_T1w.nii.gz,2
datasets/ds000258_R1.0.0/sub-21261/anat/sub-21261_T1w.nii.gz,2
datasets/ds000258_R1.0.0/sub-20866/anat/sub-20866_T1w.nii.gz,2
datasets/ds000258_R1.0.0/sub-20503/anat/sub-20503_T1w.nii.gz,2
